8,0,0,0,0,0,0,0,0,0,0,0,0,0,0,0,0,0,0,0,0,0,0,0,0,0,0,0,0,0,0,0,0,0,0,0,0,0,0,0,0,0,0,0,0,0,0,0,0,0,0,0,0,0,0,0,0,0,0,0,0,0,0,0,0,0,0,0,0,0,0,0,0,0,0,0,0,0,0,0,0,0,0,0,0,0,0,0,0,0,0,0,0,0,0,0,0,0,0,0,0,0,0,0,0,0,0,0,0,0,0,0,0,0,0,0,0,0,0,0,0,0,0,0,0,0,0,0,0,0,0,0,0,0,0,0,0,0,0,0,0,0,0,0,0,0,0,0,0,0,0,0,0,0,0,0,0,0,0,0,0,0,0,0,0,0,0,0,0,0,0,0,0,0,0,0,0,0,0,0,0,0,0,0,0,0,0,0,0,0,0,0,0,0,0,0,0,0,0,0,0,0,0,0,0,0,0,0,0,72,193,254,253,92,10,0,0,0,21,152,193,21,0,0,0,0,0,0,0,0,0,0,0,0,0,21,183,253,252,253,252,253,50,0,0,163,223,253,252,102,0,0,0,0,0,0,0,0,0,0,0,0,62,254,253,254,253,254,253,254,71,92,193,254,253,255,233,41,0,0,0,0,0,0,0,0,0,0,0,41,223,253,252,192,111,91,91,253,232,233,252,253,252,233,50,0,0,0,0,0,0,0,0,0,0,0,0,72,253,244,162,41,0,0,21,214,253,254,253,254,213,41,0,0,0,0,0,0,0,0,0,0,0,0,0,152,252,162,0,0,0,21,162,253,252,253,171,50,10,0,0,0,0,0,0,0,0,0,0,0,0,0,0,152,253,82,0,0,0,132,253,254,172,123,0,0,0,0,0,0,0,0,0,0,0,0,0,0,0,0,0,152,252,41,0,21,183,253,252,131,10,0,0,0,0,0,0,0,0,0,0,0,0,0,0,0,0,0,0,52,253,234,112,214,253,254,213,0,0,0,0,0,0,0,0,0,0,0,0,0,0,0,0,0,0,0,0,10,131,253,252,253,252,213,10,0,0,0,0,0,0,0,0,0,0,0,0,0,0,0,0,0,0,0,0,0,102,254,253,254,151,0,0,0,0,0,0,0,0,0,0,0,0,0,0,0,0,0,0,0,0,0,0,41,223,253,252,253,192,0,0,0,0,0,0,0,0,0,0,0,0,0,0,0,0,0,0,0,0,0,0,52,233,142,183,234,253,163,0,0,0,0,0,0,0,0,0,0,0,0,0,0,0,0,0,0,0,0,0,31,91,82,0,71,252,223,20,0,0,0,0,0,0,0,0,0,0,0,0,0,0,0,0,0,0,0,62,163,0,0,0,21,203,254,112,0,0,0,0,0,0,0,0,0,0,0,0,0,0,0,0,0,0,0,142,122,0,0,0,0,102,253,151,0,0,0,0,0,0,0,0,0,0,0,0,0,0,0,0,0,0,0,203,41,0,0,0,31,173,254,131,0,0,0,0,0,0,0,0,0,0,0,0,0,0,0,0,0,0,0,122,41,0,0,82,193,252,213,10,0,0,0,0,0,0,0,0,0,0,0,0,0,0,0,0,0,0,0,41,173,152,255,253,254,233,123,0,0,0,0,0,0,0,0,0,0,0,0,0,0,0,0,0,0,0,0,0,92,151,213,90,151,91,0,0,0,0,0,0,0,0,0,0,0,0,0,0,0,0,0,0,0,0,0,0,0,0,0,0,0,0,0,0,0,0,0,0,0,0,0,0,0,0,0,0
4,0,0,0,0,0,0,0,0,0,0,0,0,0,0,0,0,0,0,0,0,0,0,0,0,0,0,0,0,0,0,0,0,0,0,0,0,0,0,0,0,0,0,0,0,0,0,0,0,0,0,0,0,0,0,0,0,0,0,0,0,0,0,0,0,0,0,0,0,0,0,0,0,0,0,0,0,0,0,0,0,0,0,0,0,0,0,0,0,0,0,0,0,0,0,0,0,0,0,0,0,0,0,0,0,0,0,0,0,0,0,0,0,0,0,0,0,0,0,0,0,0,0,0,0,0,0,0,0,0,0,0,0,0,0,0,0,0,0,0,0,0,0,0,0,0,0,0,0,0,0,0,0,120,231,16,0,0,0,0,0,0,0,0,0,0,0,0,0,0,0,0,0,0,0,0,0,0,0,0,24,238,253,47,0,0,0,0,0,0,0,0,0,0,0,0,0,0,0,0,0,0,0,0,0,0,0,0,114,243,213,149,0,0,0,0,0,0,0,0,0,0,0,0,0,0,0,0,0,0,0,0,0,0,0,0,53,249,211,0,0,0,0,0,0,5,13,0,0,0,0,0,0,0,0,0,0,0,0,0,0,0,9,30,130,197,99,0,0,0,0,0,0,75,189,1,0,0,0,0,0,0,0,0,0,0,0,0,0,2,174,254,254,221,13,0,0,0,0,0,7,216,254,40,0,0,0,0,0,0,0,0,0,0,0,0,0,45,254,254,232,49,0,0,0,0,0,0,63,254,223,7,0,0,0,0,0,0,0,0,0,0,0,0,6,127,254,243,49,0,0,0,0,0,0,8,170,254,172,0,0,0,0,0,0,0,0,0,0,0,0,0,13,254,254,123,0,0,0,0,0,0,0,72,254,254,100,0,0,0,0,0,0,0,0,0,0,0,0,0,82,254,254,220,209,209,182,195,168,182,209,235,254,194,23,0,0,0,0,0,0,0,0,0,0,0,0,0,97,254,254,254,254,254,254,254,254,254,254,254,254,187,0,0,0,0,0,0,0,0,0,0,0,0,0,0,19,157,254,254,238,237,160,204,204,204,204,249,254,100,0,0,0,0,0,0,0,0,0,0,0,0,0,0,0,3,40,109,22,29,0,0,0,0,48,251,200,3,0,0,0,0,0,0,0,0,0,0,0,0,0,0,0,0,0,0,0,0,0,0,0,0,121,254,172,0,0,0,0,0,0,0,0,0,0,0,0,0,0,0,0,0,0,0,0,0,0,0,0,46,251,240,82,0,0,0,0,0,0,0,0,0,0,0,0,0,0,0,0,0,0,0,0,0,0,0,0,128,254,196,0,0,0,0,0,0,0,0,0,0,0,0,0,0,0,0,0,0,0,0,0,0,0,0,13,223,255,172,0,0,0,0,0,0,0,0,0,0,0,0,0,0,0,0,0,0,0,0,0,0,0,0,47,254,254,113,0,0,0,0,0,0,0,0,0,0,0,0,0,0,0,0,0,0,0,0,0,0,0,0,47,254,237,105,0,0,0,0,0,0,0,0,0,0,0,0,0,0,0,0,0,0,0,0,0,0,0,0,1,109,200,0,0,0,0,0,0,0,0,0,0,0,0,0,0,0,0,0,0,0,0,0,0,0,0,0,0,0,0,0,0,0,0,0,0,0,0,0,0,0,0,0,0,0,0,0,0,0,0,0,0,0,0,0,0,0,0,0,0,0,0,0,0,0,0,0,0,0,0,0,0,0,0,0,0,0,0,0,0,0,0,0,0,0,0,0,0,0,0,0,0,0,0,0,0
9,0,0,0,0,0,0,0,0,0,0,0,0,0,0,0,0,0,0,0,0,0,0,0,0,0,0,0,0,0,0,0,0,0,0,0,0,0,0,0,0,0,0,0,0,0,0,0,0,0,0,0,0,0,0,0,0,0,0,0,0,0,0,0,0,0,0,0,0,0,0,0,0,0,0,0,0,0,0,0,0,0,0,0,0,0,0,0,0,0,0,0,0,0,0,0,0,0,0,0,0,0,0,0,0,0,0,0,0,0,0,0,0,0,0,0,0,0,0,0,0,0,0,0,0,0,0,0,0,0,0,0,0,0,0,0,0,0,0,0,0,0,0,0,0,0,0,0,0,0,0,0,0,0,0,0,0,0,0,0,0,0,0,0,0,0,0,0,0,0,0,0,0,0,0,0,0,0,8,21,136,155,255,163,136,29,1,0,0,0,0,0,0,0,0,0,0,0,0,0,0,0,0,0,0,71,196,253,253,253,253,253,253,253,22,0,0,0,0,0,0,0,0,0,0,0,0,0,0,0,0,0,40,217,253,252,200,181,110,216,253,253,124,0,0,0,0,0,0,0,0,0,0,0,0,0,0,0,0,0,189,253,223,68,0,0,0,20,223,253,156,0,0,0,0,0,0,0,0,0,0,0,0,0,0,0,0,44,242,253,51,0,0,0,0,0,213,253,246,37,0,0,0,0,0,0,0,0,0,0,0,0,0,0,0,54,253,253,29,0,0,0,0,0,213,253,253,106,0,0,0,0,0,0,0,0,0,0,0,0,0,0,0,54,253,253,32,0,0,0,0,0,213,253,253,163,0,0,0,0,0,0,0,0,0,0,0,0,0,0,0,24,217,253,157,1,0,0,0,8,217,253,253,226,9,0,0,0,0,0,0,0,0,0,0,0,0,0,0,0,170,253,253,50,0,0,0,151,253,253,253,253,88,0,0,0,0,0,0,0,0,0,0,0,0,0,0,0,22,193,253,252,166,60,88,236,253,199,252,253,170,0,0,0,0,0,0,0,0,0,0,0,0,0,0,0,0,21,163,250,253,253,253,253,144,6,249,253,206,0,0,0,0,0,0,0,0,0,0,0,0,0,0,0,0,0,0,42,158,158,158,68,7,0,249,253,206,0,0,0,0,0,0,0,0,0,0,0,0,0,0,0,0,0,0,0,0,0,0,0,0,0,196,253,227,32,0,0,0,0,0,0,0,0,0,0,0,0,0,0,0,0,0,0,0,0,0,0,0,0,125,253,253,133,3,0,0,0,0,0,0,0,0,0,0,0,0,0,0,0,0,0,0,0,0,0,0,0,12,253,253,253,53,0,0,0,0,0,0,0,0,0,0,0,0,0,0,0,0,0,0,0,0,0,0,0,5,184,253,253,53,0,0,0,0,0,0,0,0,0,0,0,0,0,0,0,0,0,0,0,0,0,0,0,0,148,253,253,53,0,0,0,0,0,0,0,0,0,0,0,0,0,0,0,0,0,0,0,0,0,0,0,0,148,253,253,53,0,0,0,0,0,0,0,0,0,0,0,0,0,0,0,0,0,0,0,0,0,0,0,0,102,253,253,53,0,0,0,0,0,0,0,0,0,0,0,0,0,0,0,0,0,0,0,0,0,0,0,0,16,157,223,28,0,0,0,0,0,0,0,0,0,0,0,0,0,0,0,0,0,0,0,0,0,0,0,0,0,0,0,0,0,0,0,0,0,0,0,0,0,0,0,0,0,0,0,0,0,0,0,0,0,0,0,0,0,0,0,0,0,0,0,0,0,0
3,0,0,0,0,0,0,0,0,0,0,0,0,0,0,0,0,0,0,0,0,0,0,0,0,0,0,0,0,0,0,0,0,0,0,0,0,0,0,0,0,0,0,0,0,0,0,0,0,0,0,0,0,0,0,0,0,0,0,0,0,0,0,0,0,0,0,0,0,0,0,0,0,0,0,0,0,0,0,0,0,0,0,0,0,0,0,0,0,0,0,0,0,0,0,0,0,0,0,0,0,0,0,0,0,0,0,0,0,0,0,0,0,0,0,0,0,0,0,0,0,0,0,0,0,0,0,0,0,0,0,0,0,0,0,0,0,0,0,0,0,0,0,0,0,0,0,0,0,36,43,43,43,114,148,211,254,246,50,0,0,0,0,0,0,0,0,0,0,0,0,0,0,0,0,0,84,243,254,253,253,253,253,254,253,253,84,0,0,0,0,0,0,0,0,0,0,0,0,0,0,0,0,0,155,250,246,246,232,161,127,210,253,243,42,0,0,0,0,0,0,0,0,0,0,0,0,0,0,0,0,0,0,71,50,56,0,0,98,254,253,161,0,0,0,0,0,0,0,0,0,0,0,0,0,0,0,0,0,0,0,0,0,0,98,177,247,254,182,21,0,0,0,0,0,0,0,0,0,0,0,0,0,0,0,0,0,0,0,0,167,254,254,254,237,45,0,0,0,0,0,0,0,0,0,0,0,0,0,0,0,0,0,0,0,0,0,81,254,253,253,205,37,0,0,0,0,0,0,0,0,0,0,0,0,0,0,0,0,0,0,0,0,0,0,98,246,253,253,248,233,172,128,75,8,0,0,0,0,0,0,0,0,0,0,0,0,0,0,0,0,0,0,0,50,185,253,253,253,254,253,253,197,82,0,0,0,0,0,0,0,0,0,0,0,0,0,0,0,0,0,0,0,14,42,42,130,210,253,253,253,253,89,0,0,0,0,0,0,0,0,0,0,0,0,0,0,0,0,0,0,0,0,0,0,0,0,111,254,254,238,37,0,0,0,0,0,0,0,0,0,0,0,0,0,0,0,0,0,0,0,0,0,0,0,6,90,240,254,63,0,0,0,0,0,0,0,0,0,0,0,0,0,0,0,0,0,0,0,0,0,0,0,0,0,212,255,117,0,0,0,0,0,0,0,0,0,0,0,0,0,0,0,0,0,0,0,0,0,0,0,0,17,222,254,98,0,0,0,0,0,0,0,0,0,0,0,0,0,0,0,0,0,0,0,0,0,0,0,0,109,253,219,11,0,0,0,0,0,0,0,0,0,0,0,0,0,0,0,0,211,63,0,0,0,0,0,102,254,254,107,0,0,0,0,0,0,0,0,0,0,0,0,0,0,0,0,81,222,16,0,0,0,15,121,248,253,218,27,0,0,0,0,0,0,0,0,0,0,0,0,0,0,0,0,107,171,15,2,22,111,238,253,252,161,30,0,0,0,0,0,0,0,0,0,0,0,0,0,0,0,0,0,107,254,225,177,253,253,217,154,77,0,0,0,0,0,0,0,0,0,0,0,0,0,0,0,0,0,0,0,18,210,253,253,182,147,62,0,0,0,0,0,0,0,0,0,0,0,0,0,0,0,0,0,0,0,0,0,0,0,0,0,0,0,0,0,0,0,0,0,0,0,0,0,0,0,0,0,0,0,0,0,0,0,0,0,0,0,0,0,0,0,0,0,0,0,0,0,0,0,0,0,0,0,0,0,0,0,0,0,0,0,0,0,0,0,0,0,0,0,0,0,0,0,0,0,0,0,0,0,0,0,0,0
3,0,0,0,0,0,0,0,0,0,0,0,0,0,0,0,0,0,0,0,0,0,0,0,0,0,0,0,0,0,0,0,0,0,0,0,0,0,0,0,0,0,0,0,0,0,0,0,0,0,0,0,0,0,0,0,0,0,0,0,0,0,0,0,0,0,0,0,0,0,0,0,0,0,0,0,0,0,0,0,0,0,0,0,0,0,0,0,0,0,0,0,0,0,0,0,0,0,0,0,0,0,0,0,0,0,0,0,0,0,0,0,0,0,0,0,0,0,0,0,0,0,0,0,0,0,0,0,0,0,0,0,0,0,0,0,0,0,0,0,0,0,0,0,0,0,0,0,0,0,0,0,0,0,0,0,0,0,0,0,0,0,0,0,0,0,0,0,0,0,0,0,0,0,0,0,1,83,209,254,255,254,163,98,2,0,0,0,0,0,0,0,0,0,0,0,0,0,0,0,0,0,0,11,148,253,253,253,253,253,253,253,122,0,0,0,0,0,0,0,0,0,0,0,0,0,0,0,0,0,0,89,253,253,251,235,235,235,248,253,179,0,0,0,0,0,0,0,0,0,0,0,0,0,0,0,0,0,20,208,253,223,90,0,0,0,186,253,179,0,0,0,0,0,0,0,0,0,0,0,0,0,0,0,0,0,136,253,223,39,0,0,0,7,194,253,179,0,0,0,0,0,0,0,0,0,0,0,0,0,0,0,0,0,50,153,38,0,0,0,0,75,253,253,179,0,0,0,0,0,0,0,0,0,0,0,0,0,0,0,0,0,0,0,0,0,0,0,55,228,253,253,228,128,23,7,0,0,0,0,0,0,0,0,0,0,0,0,0,0,0,0,0,0,0,55,228,253,253,253,253,253,214,139,31,0,0,0,0,0,0,0,0,0,0,0,0,0,0,0,0,0,0,167,253,253,212,197,241,253,253,253,224,45,0,0,0,0,0,0,0,0,0,0,0,0,0,0,0,0,0,66,191,164,18,0,90,211,253,253,253,225,44,0,0,0,0,0,0,0,0,0,0,0,0,0,0,0,0,0,0,0,0,0,0,20,61,192,253,253,141,0,0,0,0,0,0,0,0,0,0,0,0,0,0,0,0,0,0,0,0,0,0,0,0,66,244,253,174,4,0,0,0,0,0,0,0,0,0,0,0,0,0,0,0,0,0,0,0,0,0,0,0,0,184,253,253,12,0,0,0,0,0,0,0,0,0,0,0,0,0,0,0,0,0,0,0,0,0,0,0,0,66,245,253,12,0,0,0,0,0,0,0,0,0,0,0,0,0,0,0,0,0,0,0,0,0,0,0,0,0,230,253,12,0,0,0,0,0,0,0,0,0,0,0,0,0,0,0,0,0,0,0,0,0,0,0,0,88,250,253,12,0,0,0,0,0,0,0,0,0,0,0,0,0,0,0,0,0,0,0,0,0,0,0,39,224,253,152,2,0,0,0,0,0,0,0,0,0,0,0,0,0,0,0,0,0,0,0,0,0,0,39,225,253,253,87,0,0,0,0,0,0,0,0,0,0,0,0,0,0,0,94,160,38,0,0,0,0,96,225,253,253,95,1,0,0,0,0,0,0,0,0,0,0,0,0,0,0,0,161,253,250,221,154,187,248,252,253,208,81,1,0,0,0,0,0,0,0,0,0,0,0,0,0,0,0,0,0,0,0,0,0,0,0,0,0,0,0,0,0,0,0,0,0,0,0,0,0,0,0,0,0,0,0,0,0,0,0,0,0,0,0,0,0,0,0,0,0,0,0,0,0,0,0
2,0,0,0,0,0,0,0,0,0,0,0,0,0,0,0,0,0,0,0,0,0,0,0,0,0,0,0,0,0,0,0,0,0,0,0,0,0,0,0,0,0,0,0,0,0,0,0,0,0,0,0,0,0,0,0,0,0,0,0,0,0,0,0,0,0,0,0,0,0,0,0,0,0,0,0,0,0,0,0,0,0,0,0,0,0,0,0,0,0,0,0,0,0,0,0,0,0,0,0,0,0,0,0,0,0,0,0,0,0,0,0,0,0,0,0,0,0,0,0,0,0,0,0,0,40,228,254,255,254,150,0,0,0,0,0,0,0,0,0,0,0,0,0,0,0,0,0,0,0,0,0,0,73,234,253,253,253,203,132,9,0,0,0,0,0,0,0,0,0,0,0,0,0,0,0,0,0,0,0,0,0,209,243,249,253,253,253,165,0,0,0,0,0,0,0,0,0,0,0,0,0,0,0,0,0,0,0,0,0,0,0,113,245,253,253,149,0,0,0,0,0,0,0,0,0,0,0,0,0,0,0,0,0,0,0,0,0,0,0,0,226,253,253,17,0,0,0,0,0,0,0,0,0,0,0,0,0,0,0,0,0,0,0,0,0,0,0,131,248,253,240,16,0,0,0,0,0,0,0,0,0,0,0,0,0,0,0,0,0,0,0,0,0,0,32,191,253,218,56,0,0,0,0,0,0,0,0,0,0,0,0,0,0,0,0,0,0,0,0,0,0,17,189,253,253,149,0,0,0,0,0,0,0,0,0,0,0,0,0,0,0,0,0,0,0,0,0,0,17,194,253,253,199,22,0,0,0,0,0,0,0,0,0,0,0,0,0,0,0,0,0,0,0,0,0,32,189,253,253,193,17,0,0,0,0,0,0,0,0,0,0,0,0,0,0,0,0,0,0,0,0,0,12,191,253,253,253,93,0,0,0,0,0,0,0,0,0,0,0,0,0,0,0,0,0,0,0,0,0,0,188,253,253,248,144,10,0,0,0,0,0,0,0,0,0,0,0,0,0,0,0,0,0,0,0,0,0,59,226,253,253,147,0,0,0,0,0,0,0,0,0,0,0,0,0,0,0,0,0,0,0,0,0,0,0,141,253,253,151,12,0,0,0,0,0,0,0,0,0,0,0,0,0,0,0,0,0,0,0,0,0,0,0,141,253,253,242,34,0,0,0,0,0,0,0,0,0,0,0,0,0,0,0,0,0,0,0,0,0,0,0,79,232,253,253,121,0,0,0,0,0,0,0,0,0,0,0,0,0,0,0,0,0,0,0,0,0,0,0,0,74,253,253,244,179,66,0,0,0,0,0,0,0,0,0,0,0,0,0,0,0,0,0,0,0,0,0,0,15,196,196,245,253,248,245,245,245,199,0,0,0,0,0,0,0,0,0,0,0,0,0,0,0,0,0,0,0,0,0,112,176,253,253,253,253,205,0,0,0,0,0,0,0,0,0,0,0,0,0,0,0,0,0,0,0,0,0,0,24,184,84,65,191,205,0,0,0,0,0,0,0,0,0,0,0,0,0,0,0,0,0,0,0,0,0,0,0,0,0,0,0,0,0,0,0,0,0,0,0,0,0,0,0,0,0,0,0,0,0,0,0,0,0,0,0,0,0,0,0,0,0,0,0,0,0,0,0,0,0,0,0,0,0,0,0,0,0,0,0,0,0,0,0,0,0,0,0,0,0,0,0,0,0,0,0,0,0,0,0,0,0,0,0,0,0,0,0,0,0,0,0,0,0,0,0,0,0,0,0,0,0,0,0,0
2,0,0,0,0,0,0,0,0,0,0,0,0,0,0,0,0,0,0,0,0,0,0,0,0,0,0,0,0,0,0,0,0,0,0,0,0,0,0,0,0,0,0,0,0,0,0,0,0,0,0,0,0,0,0,0,0,0,0,0,0,0,0,0,0,0,0,0,0,0,0,0,0,0,0,0,0,0,0,0,0,0,0,0,0,0,0,0,0,0,0,0,0,0,0,0,0,0,0,0,0,0,0,0,0,0,0,0,0,0,0,0,0,0,0,0,0,0,0,0,0,0,0,0,0,0,0,0,0,0,0,0,0,0,0,0,0,0,0,0,0,0,0,0,0,0,0,0,0,0,0,0,5,13,122,190,255,253,253,172,44,0,0,0,0,0,0,0,0,0,0,0,0,0,0,0,0,0,0,54,181,252,252,252,253,252,252,252,226,104,0,0,0,0,0,0,0,0,0,0,0,0,0,0,0,7,123,230,252,252,252,217,153,108,221,252,252,225,47,0,0,0,0,0,0,0,0,0,0,0,0,5,66,185,252,252,252,210,95,4,0,0,12,107,238,252,224,24,0,0,0,0,0,0,0,0,0,0,0,111,252,252,252,252,252,36,0,0,0,0,0,0,181,252,252,64,0,0,0,0,0,0,0,0,0,0,0,145,252,252,252,252,153,9,0,0,0,0,0,0,89,252,252,155,0,0,0,0,0,0,0,0,0,0,0,145,252,252,252,193,9,0,0,0,0,0,0,0,158,252,252,155,0,0,0,0,0,0,0,0,0,0,0,90,155,155,127,25,0,0,0,0,0,0,0,0,181,252,252,110,0,0,0,0,0,0,0,0,0,0,0,0,0,0,0,0,0,0,0,0,0,0,0,21,211,252,252,36,0,0,0,0,0,0,0,0,0,0,0,0,76,121,121,121,121,121,121,121,58,0,35,243,252,252,212,19,0,0,0,0,0,0,0,0,0,0,1,150,253,253,253,253,253,253,253,253,255,184,150,253,253,250,46,0,0,0,0,0,0,0,0,0,0,0,13,252,252,252,235,228,228,228,238,252,253,252,252,252,252,168,0,0,0,0,0,0,0,0,0,0,0,0,5,185,252,252,72,0,0,0,42,187,253,252,252,252,157,23,0,0,0,0,0,0,0,0,0,0,0,0,0,145,252,252,72,0,0,42,158,248,253,252,252,252,232,63,0,0,0,0,0,0,0,0,0,0,0,0,0,53,229,252,201,89,101,242,252,252,253,217,229,252,252,197,41,0,0,0,0,0,0,0,0,0,0,0,0,0,123,252,252,252,252,252,252,252,175,26,55,228,252,252,232,27,0,0,0,0,0,0,0,0,0,0,0,0,7,128,228,252,252,179,116,48,0,0,0,55,228,252,252,165,8,0,0,0,0,0,0,0,0,0,0,0,0,0,26,36,36,5,0,0,0,0,0,0,55,229,252,252,128,0,0,0,0,0,0,0,0,0,0,0,0,0,0,0,0,0,0,0,0,0,0,0,0,84,252,252,143,0,0,0,0,0,0,0,0,0,0,0,0,0,0,0,0,0,0,0,0,0,0,0,0,4,149,252,86,0,0,0,0,0,0,0,0,0,0,0,0,0,0,0,0,0,0,0,0,0,0,0,0,0,0,0,0,0,0,0,0,0,0,0,0,0,0,0,0,0,0,0,0,0,0,0,0,0,0,0,0,0,0,0,0,0,0,0,0,0,0,0,0,0,0,0,0,0,0,0,0,0,0,0,0,0,0,0,0,0,0,0,0,0,0,0,0
8,0,0,0,0,0,0,0,0,0,0,0,0,0,0,0,0,0,0,0,0,0,0,0,0,0,0,0,0,0,0,0,0,0,0,0,0,0,0,0,0,0,0,0,0,0,0,0,0,0,0,0,0,0,0,0,0,0,0,0,0,0,0,0,0,0,0,0,0,0,0,0,0,0,0,0,0,0,0,0,0,0,0,0,0,0,0,0,0,0,0,0,0,0,0,0,0,0,0,0,0,0,0,0,0,0,0,0,0,0,0,0,0,0,0,0,0,0,0,0,0,0,0,0,0,0,0,0,0,0,0,0,0,0,0,0,0,0,0,0,0,0,0,0,0,0,0,0,0,0,11,132,214,253,254,253,254,253,254,172,92,10,0,0,0,0,0,0,0,0,0,0,0,0,0,0,0,0,92,252,253,252,151,151,151,232,253,252,253,212,82,0,0,0,0,0,0,0,0,0,0,0,0,0,0,0,92,253,41,0,0,0,0,0,62,142,234,253,203,0,0,0,0,0,0,0,0,0,0,0,0,0,0,0,10,131,41,0,0,0,0,0,0,0,152,252,203,0,0,0,0,0,0,0,0,0,0,0,0,0,11,173,255,253,203,40,0,0,0,0,0,82,254,253,123,0,0,0,0,0,0,0,0,0,0,0,0,0,10,212,253,252,0,0,0,0,0,0,21,223,253,171,0,0,0,0,0,0,0,0,0,0,0,0,0,0,0,82,254,253,173,10,0,0,0,41,214,253,244,81,0,0,0,0,0,0,0,0,0,0,0,0,0,0,0,0,91,252,253,212,41,0,41,243,253,252,81,0,0,0,0,0,0,0,0,0,0,0,0,0,0,0,0,0,0,82,254,253,234,112,214,253,254,91,0,0,0,0,0,0,0,0,0,0,0,0,0,0,0,0,0,0,0,0,71,232,253,252,253,252,131,10,0,0,0,0,0,0,0,0,0,0,0,0,0,0,0,0,0,0,0,0,0,41,214,253,254,192,0,0,0,0,0,0,0,0,0,0,0,0,0,0,0,0,0,0,0,0,0,0,0,123,253,252,253,232,0,0,0,0,0,0,0,0,0,0,0,0,0,0,0,0,0,0,0,0,0,0,51,233,254,233,254,253,123,0,0,0,0,0,0,0,0,0,0,0,0,0,0,0,0,0,0,0,0,0,193,252,253,111,172,252,223,20,0,0,0,0,0,0,0,0,0,0,0,0,0,0,0,0,0,0,0,0,254,253,142,0,51,253,254,50,0,0,0,0,0,0,0,0,0,0,0,0,0,0,0,0,0,0,0,0,253,252,102,0,10,212,253,50,0,0,0,0,0,0,0,0,0,0,0,0,0,0,0,0,0,0,0,0,152,253,204,0,0,204,255,151,0,0,0,0,0,0,0,0,0,0,0,0,0,0,0,0,0,0,0,0,152,252,243,162,21,223,253,151,0,0,0,0,0,0,0,0,0,0,0,0,0,0,0,0,0,0,0,0,21,203,255,253,255,253,244,40,0,0,0,0,0,0,0,0,0,0,0,0,0,0,0,0,0,0,0,0,0,20,172,252,253,212,81,0,0,0,0,0,0,0,0,0,0,0,0,0,0,0,0,0,0,0,0,0,0,0,0,0,0,0,0,0,0,0,0,0,0,0,0,0,0,0,0,0,0,0,0,0,0,0,0,0,0,0,0,0,0,0,0,0,0,0,0,0,0,0,0,0,0,0,0,0,0,0,0,0,0,0,0,0,0,0,0,0,0,0,0,0,0,0,0,0,0,0,0,0,0
6,0,0,0,0,0,0,0,0,0,0,0,0,0,0,0,0,0,0,0,0,0,0,0,0,0,0,0,0,0,0,0,0,0,0,0,0,0,0,0,0,0,0,0,0,0,0,0,0,0,0,0,0,0,0,0,0,0,0,0,0,0,0,0,0,0,0,0,0,0,0,0,0,87,202,254,179,0,0,0,0,0,0,0,0,0,0,0,0,0,0,0,0,0,0,0,0,0,0,36,123,246,253,253,178,0,0,0,0,0,0,0,0,0,0,0,0,0,0,0,0,0,0,0,0,0,3,156,254,253,252,167,63,0,0,0,0,0,0,0,0,0,0,0,0,0,0,0,0,0,0,0,0,43,143,253,254,253,167,0,0,0,0,0,0,0,0,0,0,0,0,0,0,0,0,0,0,0,0,0,40,138,253,253,254,155,10,0,0,0,0,0,0,0,0,0,0,0,0,0,0,0,0,0,0,0,0,40,219,253,253,253,162,13,0,0,0,0,0,0,0,0,0,0,0,0,0,0,0,0,0,0,0,0,120,219,253,253,253,173,0,0,0,0,0,0,0,0,0,0,0,0,0,0,0,0,0,0,0,0,0,0,225,253,253,253,157,6,0,0,0,0,0,0,0,0,0,0,0,0,0,0,0,0,0,0,0,0,3,117,246,253,253,157,14,0,0,0,0,0,0,0,0,0,0,0,0,0,0,0,0,0,0,0,0,0,15,253,253,253,173,6,0,0,0,0,0,0,0,0,0,0,0,0,0,0,0,0,0,0,0,0,0,0,165,255,254,224,0,0,0,0,0,0,0,0,0,0,0,0,0,0,0,0,0,0,0,0,0,0,0,15,185,253,253,100,0,0,11,60,123,209,209,138,60,18,0,0,0,0,0,0,0,0,0,0,0,0,0,69,253,253,249,70,0,68,180,253,254,253,253,253,253,190,78,0,0,0,0,0,0,0,0,0,0,0,0,209,253,253,178,15,121,246,253,253,254,253,253,253,253,253,182,78,0,0,0,0,0,0,0,0,0,0,0,165,253,253,245,139,253,253,253,209,118,29,29,100,200,253,253,190,18,0,0,0,0,0,0,0,0,0,0,18,190,253,253,253,253,253,203,31,0,0,0,15,97,253,253,189,17,0,0,0,0,0,0,0,0,0,0,0,164,253,253,253,253,253,162,56,0,0,88,191,253,253,253,84,0,0,0,0,0,0,0,0,0,0,0,0,18,206,253,253,253,253,253,245,241,239,248,253,253,242,84,1,0,0,0,0,0,0,0,0,0,0,0,0,0,28,191,240,253,253,253,253,254,253,253,232,164,52,0,0,0,0,0,0,0,0,0,0,0,0,0,0,0,0,0,92,253,253,164,253,105,104,104,55,0,0,0,0,0,0,0,0,0,0,0,0,0,0,0,0,0,0,0,0,0,0,0,0,0,0,0,0,0,0,0,0,0,0,0,0,0,0,0,0,0,0,0,0,0,0,0,0,0,0,0,0,0,0,0,0,0,0,0,0,0,0,0,0,0,0,0,0,0,0,0,0,0,0,0,0,0,0,0,0,0,0,0,0,0,0,0,0,0,0,0,0,0,0,0,0,0,0,0,0,0,0,0,0,0,0,0,0,0,0,0,0,0,0,0,0,0,0,0,0,0,0,0,0,0,0,0,0,0,0,0,0,0,0,0,0,0,0,0,0,0,0,0,0,0,0,0,0,0,0,0,0,0,0,0,0,0,0,0,0,0,0,0,0,0,0,0,0,0,0,0,0,0,0,0,0,0
1,0,0,0,0,0,0,0,0,0,0,0,0,0,0,0,0,0,0,0,0,0,0,0,0,0,0,0,0,0,0,0,0,0,0,0,0,0,0,0,0,0,0,0,0,0,0,0,0,0,0,0,0,0,0,0,0,0,0,0,0,0,0,0,0,0,0,0,0,0,0,0,0,0,0,0,0,0,0,0,0,0,0,0,0,0,0,0,0,0,0,0,0,0,0,0,0,0,0,0,0,0,0,0,0,0,0,0,0,0,0,0,0,0,0,0,0,0,0,0,0,0,0,0,0,0,0,0,0,0,0,0,0,0,0,0,0,0,0,0,0,0,0,0,0,0,0,0,0,0,0,0,0,0,0,0,0,0,0,0,0,0,0,77,198,255,0,0,0,0,0,0,0,0,0,0,0,0,0,0,0,0,0,0,0,0,0,0,29,206,241,249,253,253,0,0,0,0,0,0,0,0,0,0,0,0,0,0,0,0,0,0,0,0,0,30,207,253,253,253,253,203,0,0,0,0,0,0,0,0,0,0,0,0,0,0,0,0,0,0,0,0,30,206,253,253,253,253,128,19,0,0,0,0,0,0,0,0,0,0,0,0,0,0,0,0,0,0,0,29,207,253,253,253,243,102,22,0,0,0,0,0,0,0,0,0,0,0,0,0,0,0,0,0,0,0,90,215,253,253,253,242,98,0,0,0,0,0,0,0,0,0,0,0,0,0,0,0,0,0,0,0,3,41,213,253,253,253,243,98,0,0,0,0,0,0,0,0,0,0,0,0,0,0,0,0,0,0,0,3,39,253,254,253,253,202,69,0,0,0,0,0,0,0,0,0,0,0,0,0,0,0,0,0,0,0,3,110,253,253,254,253,241,93,0,0,0,0,0,0,0,0,0,0,0,0,0,0,0,0,0,0,0,0,112,253,253,253,254,253,26,0,0,0,0,0,0,0,0,0,0,0,0,0,0,0,0,0,0,0,96,149,254,254,254,254,198,78,0,0,0,0,0,0,0,0,0,0,0,0,0,0,0,0,0,0,0,91,223,253,253,253,253,253,78,0,0,0,0,0,0,0,0,0,0,0,0,0,0,0,0,0,0,0,134,249,253,253,253,253,241,26,0,0,0,0,0,0,0,0,0,0,0,0,0,0,0,0,0,0,0,133,249,253,253,253,253,245,93,0,0,0,0,0,0,0,0,0,0,0,0,0,0,0,0,0,0,0,32,244,253,253,253,253,243,96,0,0,0,0,0,0,0,0,0,0,0,0,0,0,0,0,0,0,0,0,220,253,253,253,253,213,56,0,0,0,0,0,0,0,0,0,0,0,0,0,0,0,0,0,0,0,0,0,255,253,253,253,243,98,0,0,0,0,0,0,0,0,0,0,0,0,0,0,0,0,0,0,0,0,0,0,255,253,253,253,102,0,0,0,0,0,0,0,0,0,0,0,0,0,0,0,0,0,0,0,0,0,0,0,176,253,248,127,22,0,0,0,0,0,0,0,0,0,0,0,0,0,0,0,0,0,0,0,0,0,0,0,57,120,76,0,0,0,0,0,0,0,0,0,0,0,0,0,0,0,0,0,0,0,0,0,0,0,0,0,0,0,0,0,0,0,0,0,0,0,0,0,0,0,0,0,0,0,0,0,0,0,0,0,0,0,0,0,0,0,0,0,0,0,0,0,0,0,0,0,0,0,0,0,0,0,0,0,0,0,0,0,0,0,0,0,0,0,0,0,0,0,0,0,0,0,0,0,0,0,0,0,0,0,0,0,0,0,0
0,0,0,0,0,0,0,0,0,0,0,0,0,0,0,0,0,0,0,0,0,0,0,0,0,0,0,0,0,0,0,0,0,0,0,0,0,0,0,0,0,0,0,0,0,0,0,0,0,0,0,0,0,0,0,0,0,0,0,0,0,0,0,0,0,0,0,0,0,0,0,0,0,0,0,0,0,0,0,0,0,0,0,0,0,0,0,0,0,0,0,0,0,0,0,0,0,0,0,0,211,246,56,0,0,0,0,0,0,0,0,0,0,0,0,0,0,0,0,0,0,0,0,0,0,0,0,123,246,253,133,0,8,61,148,14,0,0,0,0,0,0,0,0,0,0,0,0,0,0,0,0,0,3,104,254,249,229,47,0,30,253,253,156,0,0,0,0,0,0,0,0,0,0,0,0,0,0,0,0,0,117,253,254,193,0,0,0,16,197,253,208,0,0,0,0,0,0,0,0,0,0,0,0,0,0,0,0,125,246,253,118,22,0,0,0,0,16,241,248,136,0,0,0,0,0,0,0,0,0,0,0,0,0,0,96,249,248,134,0,0,0,0,0,0,0,239,253,253,0,0,0,0,0,0,0,0,0,0,0,0,0,16,198,253,128,0,0,0,0,0,0,0,0,239,253,253,0,0,0,0,0,0,0,0,0,0,0,0,27,198,253,168,38,0,0,0,0,0,0,0,0,239,253,200,0,0,0,0,0,0,0,0,0,0,0,0,102,253,149,4,0,0,0,0,0,0,0,0,0,239,253,104,0,0,0,0,0,0,0,0,0,0,0,72,241,235,49,0,0,0,0,0,0,0,0,0,0,239,226,43,0,0,0,0,0,0,0,0,0,0,16,254,223,44,0,0,0,0,0,0,0,0,0,0,56,247,209,0,0,0,0,0,0,0,0,0,0,0,139,253,142,0,0,0,0,0,0,0,0,0,0,61,233,253,85,0,0,0,0,0,0,0,0,0,0,48,222,175,10,0,0,0,0,0,0,0,0,0,14,184,253,186,21,0,0,0,0,0,0,0,0,0,0,209,246,71,0,0,0,0,0,0,0,0,0,57,238,253,253,14,0,0,0,0,0,0,0,0,0,0,94,248,194,0,0,0,0,0,0,0,76,111,224,238,253,200,99,2,0,0,0,0,0,0,0,0,0,0,106,253,107,0,0,22,30,31,145,179,255,253,253,239,91,22,0,0,0,0,0,0,0,0,0,0,0,0,184,253,246,134,134,219,253,253,253,253,254,253,245,63,0,0,0,0,0,0,0,0,0,0,0,0,0,0,201,253,253,253,253,253,253,253,253,253,217,128,13,0,0,0,0,0,0,0,0,0,0,0,0,0,0,0,25,193,253,253,240,240,229,208,94,59,35,0,0,0,0,0,0,0,0,0,0,0,0,0,0,0,0,0,0,25,104,104,73,74,49,0,0,0,0,0,0,0,0,0,0,0,0,0,0,0,0,0,0,0,0,0,0,0,0,0,0,0,0,0,0,0,0,0,0,0,0,0,0,0,0,0,0,0,0,0,0,0,0,0,0,0,0,0,0,0,0,0,0,0,0,0,0,0,0,0,0,0,0,0,0,0,0,0,0,0,0,0,0,0,0,0,0,0,0,0,0,0,0,0,0,0,0,0,0,0,0,0,0,0,0,0,0,0,0,0,0,0,0,0,0,0,0,0,0,0,0,0,0,0,0,0,0,0,0,0,0,0,0,0,0,0,0,0,0,0,0,0,0,0,0,0,0,0,0,0,0,0,0,0,0,0,0,0,0,0,0,0
9,0,0,0,0,0,0,0,0,0,0,0,0,0,0,0,0,0,0,0,0,0,0,0,0,0,0,0,0,0,0,0,0,0,0,0,0,0,0,0,0,0,0,0,0,0,0,0,0,0,0,0,0,0,0,0,0,0,0,0,0,0,0,0,0,0,0,0,0,0,0,0,0,0,0,0,0,0,0,0,0,0,0,0,0,0,0,0,0,0,0,0,0,0,0,0,0,0,0,0,0,0,0,0,0,0,0,0,0,0,0,0,0,0,0,0,0,0,0,0,0,0,0,0,0,0,0,198,86,0,0,0,0,0,0,0,0,0,0,0,0,0,0,0,0,0,0,0,0,0,0,0,0,0,114,255,255,114,0,0,0,0,0,0,0,0,0,0,0,0,0,0,0,0,0,0,0,0,0,0,0,86,255,255,255,255,29,0,0,0,0,0,0,0,0,0,0,0,0,0,0,0,0,0,0,0,0,0,29,226,255,255,255,255,86,0,0,0,0,0,0,0,0,0,0,0,0,0,0,0,0,0,0,0,0,0,170,255,226,226,255,255,86,0,0,0,0,0,0,0,0,0,0,0,0,0,0,0,0,0,0,0,0,0,255,255,29,170,198,255,86,0,0,0,0,0,0,0,0,0,0,0,0,0,0,0,0,0,0,0,0,29,255,170,0,141,226,255,86,0,0,0,0,0,0,0,0,0,0,0,0,0,0,0,0,0,0,0,0,0,255,198,86,170,255,255,86,0,0,0,0,0,0,0,0,0,0,0,0,0,0,0,0,0,0,0,0,0,170,255,255,255,255,255,86,0,0,0,0,0,0,0,0,0,0,0,0,0,0,0,0,0,0,0,0,0,29,170,170,170,86,255,86,0,0,0,0,0,0,0,0,0,0,0,0,0,0,0,0,0,0,0,0,0,0,0,0,0,0,255,114,0,0,0,0,0,0,0,0,0,0,0,0,0,0,0,0,0,0,0,0,0,0,0,0,0,0,255,170,0,0,0,0,0,0,0,0,0,0,0,0,0,0,0,0,0,0,0,0,0,0,0,0,0,0,255,170,0,0,0,0,0,0,0,0,0,0,0,0,0,0,0,0,0,0,0,0,0,0,0,0,0,0,255,226,0,0,0,0,0,0,0,0,0,0,0,0,0,0,0,0,0,0,0,0,0,0,0,0,0,0,255,141,0,0,0,0,0,0,0,0,0,0,0,0,0,0,0,0,0,29,29,0,0,0,0,0,0,114,255,170,0,0,0,0,0,0,0,0,0,0,0,0,0,0,0,0,0,86,198,0,0,0,0,0,0,198,255,86,0,0,0,0,0,0,0,0,0,0,0,0,0,0,0,0,0,0,226,226,198,170,170,170,226,255,255,86,0,0,0,0,0,0,0,0,0,0,0,0,0,0,0,0,0,0,0,198,226,255,255,255,255,255,226,0,0,0,0,0,0,0,0,0,0,0,0,0,0,0,0,0,0,0,0,0,0,57,170,226,170,170,29,0,0,0,0,0,0,0,0,0,0,0,0,0,0,0,0,0,0,0,0,0,0,0,0,0,0,0,0,0,0,0,0,0,0,0,0,0,0,0,0,0,0,0,0,0,0,0,0,0,0,0,0,0,0,0,0,0,0,0,0,0,0,0,0,0,0,0,0,0,0,0,0,0,0,0,0,0,0,0,0,0,0,0,0,0,0,0,0,0,0,0,0,0,0,0,0,0,0,0,0,0,0,0,0,0,0,0,0,0,0,0,0,0,0,0,0,0,0,0,0,0,0,0
9,0,0,0,0,0,0,0,0,0,0,0,0,0,0,0,0,0,0,0,0,0,0,0,0,0,0,0,0,0,0,0,0,0,0,0,0,0,0,0,0,0,0,0,0,0,0,0,0,0,0,0,0,0,0,0,0,0,0,0,0,0,0,0,0,0,0,0,0,0,0,0,0,0,0,0,0,0,0,0,0,0,0,0,0,0,0,0,0,0,0,0,0,0,0,0,0,0,0,0,0,0,0,0,0,0,0,0,0,0,0,0,0,0,0,0,0,0,0,0,0,0,0,0,0,0,0,0,0,0,0,0,0,0,0,0,0,0,0,0,0,0,0,0,0,0,0,0,0,0,0,0,0,0,0,0,0,0,0,0,0,0,0,0,0,0,0,0,0,0,0,0,0,0,0,0,0,0,0,0,29,130,177,250,159,36,0,0,0,0,0,0,0,0,0,0,0,0,0,0,0,0,0,0,0,0,0,69,237,254,254,254,254,220,37,0,0,0,0,0,0,0,0,0,0,0,0,0,0,0,0,0,0,0,65,252,254,254,254,254,254,254,183,0,0,0,0,0,0,0,0,0,0,0,0,0,0,0,0,0,0,0,87,254,254,236,106,101,205,254,251,75,0,0,0,0,0,0,0,0,0,0,0,0,0,0,0,0,0,0,169,254,245,55,0,0,55,246,254,182,0,0,0,0,0,0,0,0,0,0,0,0,0,0,0,0,0,0,183,254,235,0,0,0,27,242,254,182,0,0,0,0,0,0,0,0,0,0,0,0,0,0,0,0,0,0,183,254,235,0,0,0,170,254,254,162,0,0,0,0,0,0,0,0,0,0,0,0,0,0,0,0,0,0,183,254,244,43,0,27,241,254,254,80,0,0,0,0,0,0,0,0,0,0,0,0,0,0,0,0,0,0,152,254,254,230,178,240,254,254,177,0,0,0,0,0,0,0,0,0,0,0,0,0,0,0,0,0,0,0,38,231,254,254,254,254,254,254,148,0,0,0,0,0,0,0,0,0,0,0,0,0,0,0,0,0,0,0,0,48,187,240,248,254,254,254,107,0,0,0,0,0,0,0,0,0,0,0,0,0,0,0,0,0,0,0,0,0,0,0,80,254,254,225,17,0,0,0,0,0,0,0,0,0,0,0,0,0,0,0,0,0,0,0,0,0,0,0,154,254,254,158,0,0,0,0,0,0,0,0,0,0,0,0,0,0,0,0,0,0,0,0,0,0,0,0,241,254,254,115,0,0,0,0,0,0,0,0,0,0,0,0,0,0,0,0,0,0,0,0,0,0,0,24,245,254,254,51,0,0,0,0,0,0,0,0,0,0,0,0,0,0,0,0,0,0,0,0,0,0,0,83,254,254,254,19,0,0,0,0,0,0,0,0,0,0,0,0,0,0,0,0,0,0,0,0,0,0,0,83,254,254,224,12,0,0,0,0,0,0,0,0,0,0,0,0,0,0,0,0,0,0,0,0,0,0,0,108,254,254,227,12,0,0,0,0,0,0,0,0,0,0,0,0,0,0,0,0,0,0,0,0,0,0,0,165,254,254,173,3,0,0,0,0,0,0,0,0,0,0,0,0,0,0,0,0,0,0,0,0,0,0,0,52,249,249,51,0,0,0,0,0,0,0,0,0,0,0,0,0,0,0,0,0,0,0,0,0,0,0,0,0,0,0,0,0,0,0,0,0,0,0,0,0,0,0,0,0,0,0,0,0,0,0,0,0,0,0,0,0,0,0,0,0,0,0,0,0,0,0,0,0,0,0,0
7,0,0,0,0,0,0,0,0,0,0,0,0,0,0,0,0,0,0,0,0,0,0,0,0,0,0,0,0,0,0,0,0,0,0,0,0,0,0,0,0,0,0,0,0,0,0,0,0,0,0,0,0,0,0,0,0,0,0,0,0,0,0,0,0,0,0,0,0,0,0,0,0,0,0,0,0,0,0,0,0,0,0,0,0,0,0,0,0,0,0,0,0,0,0,0,0,0,0,0,0,0,0,0,0,0,0,0,0,0,0,0,0,0,0,0,0,0,0,0,0,0,0,0,0,0,0,0,0,0,0,0,0,0,0,0,0,0,0,0,0,0,0,0,0,0,0,0,0,0,0,0,0,0,0,0,0,0,0,0,0,0,0,0,0,0,0,0,0,0,0,0,0,0,0,0,0,0,0,0,0,0,0,0,0,0,0,0,0,0,0,0,0,0,0,0,0,0,0,0,0,0,0,0,0,0,0,26,70,170,254,254,254,203,55,0,0,0,0,0,0,0,0,0,0,0,0,0,0,0,0,0,0,9,164,239,254,253,253,253,254,253,234,55,0,0,0,0,0,0,0,0,0,0,0,0,0,0,0,0,7,132,253,253,254,232,230,230,197,251,253,236,43,0,0,0,0,0,0,0,0,0,0,0,0,0,0,34,170,253,253,253,103,6,0,0,0,129,253,253,159,0,0,0,0,0,0,0,0,0,0,0,0,0,0,151,255,216,134,0,0,0,0,0,0,0,208,254,127,0,0,0,0,0,0,0,0,0,0,0,0,0,13,222,216,19,0,0,0,0,0,0,0,0,207,253,93,0,0,0,0,0,0,0,0,0,0,0,0,0,5,113,67,0,0,0,0,0,0,0,0,0,207,253,93,0,0,0,0,0,0,0,0,0,0,0,0,0,0,0,0,0,0,0,0,0,0,0,0,0,207,253,59,0,0,0,0,0,0,0,0,0,0,0,0,0,0,0,0,0,0,0,0,0,0,0,0,97,254,169,0,0,0,0,0,0,0,0,0,0,0,0,0,0,0,0,0,0,0,0,0,0,0,0,13,235,248,56,0,0,0,0,0,0,0,0,0,0,0,0,0,0,0,0,0,0,0,0,0,0,0,0,187,253,145,0,0,0,0,0,0,0,0,0,0,0,0,0,0,0,0,0,0,0,0,0,0,0,0,0,254,253,46,0,0,0,0,0,0,0,0,0,0,0,0,0,0,0,0,0,0,0,0,0,0,0,0,151,254,199,17,0,0,0,0,0,0,0,0,0,0,0,0,0,0,0,0,0,0,0,0,0,0,0,22,247,254,31,0,0,0,0,0,0,0,0,0,0,0,0,0,0,0,0,0,0,0,0,0,0,0,5,145,253,155,4,0,0,0,0,0,0,0,0,0,0,0,0,0,0,0,0,0,0,0,0,0,0,0,47,253,253,25,0,0,0,0,0,0,0,0,0,0,0,0,0,0,0,0,0,0,0,0,0,0,0,0,164,247,84,0,0,0,0,0,0,0,0,0,0,0,0,0,0,0,0,0,0,0,0,0,0,0,0,64,251,230,17,0,0,0,0,0,0,0,0,0,0,0,0,0,0,0,0,0,0,0,0,0,0,0,0,70,253,238,67,0,0,0,0,0,0,0,0,0,0,0,0,0,0,0,0,0,0,0,0,0,0,0,0,70,236,54,0,0,0,0,0,0,0,0,0,0,0,0,0,0,0,0,0,0,0,0,0,0,0,0,0,0,0,0,0,0,0,0,0,0,0,0,0,0,0,0,0,0
1,0,0,0,0,0,0,0,0,0,0,0,0,0,0,0,0,0,0,0,0,0,0,0,0,0,0,0,0,0,0,0,0,0,0,0,0,0,0,0,0,0,0,0,0,0,0,0,0,0,0,0,0,0,0,0,0,0,0,0,0,0,0,0,0,0,0,0,0,0,0,0,0,0,0,0,0,0,0,0,0,0,0,0,0,0,0,0,0,0,0,0,0,0,0,0,0,0,0,0,0,0,0,0,0,0,0,0,0,0,0,0,0,0,0,0,0,0,0,0,0,0,0,0,0,0,0,0,0,0,255,128,0,0,0,0,0,0,0,0,0,0,0,0,0,0,0,0,0,0,0,0,0,0,0,0,0,0,255,128,0,0,0,0,0,0,0,0,0,0,0,0,0,0,0,0,0,0,0,0,0,0,0,0,0,128,255,128,0,0,0,0,0,0,0,0,0,0,0,0,0,0,0,0,0,0,0,0,0,0,0,0,0,255,255,128,0,0,0,0,0,0,0,0,0,0,0,0,0,0,0,0,0,0,0,0,0,0,0,0,128,255,255,0,0,0,0,0,0,0,0,0,0,0,0,0,0,0,0,0,0,0,0,0,0,0,0,0,128,255,255,0,0,0,0,0,0,0,0,0,0,0,0,0,0,0,0,0,0,0,0,0,0,0,0,0,255,255,64,0,0,0,0,0,0,0,0,0,0,0,0,0,0,0,0,0,0,0,0,0,0,0,0,128,255,255,0,0,0,0,0,0,0,0,0,0,0,0,0,0,0,0,0,0,0,0,0,0,0,0,0,255,255,255,0,0,0,0,0,0,0,0,0,0,0,0,0,0,0,0,0,0,0,0,0,0,0,0,0,255,255,128,0,0,0,0,0,0,0,0,0,0,0,0,0,0,0,0,0,0,0,0,0,0,0,0,128,255,255,0,0,0,0,0,0,0,0,0,0,0,0,0,0,0,0,0,0,0,0,0,0,0,0,0,191,255,191,0,0,0,0,0,0,0,0,0,0,0,0,0,0,0,0,0,0,0,0,0,0,0,0,64,255,255,128,0,0,0,0,0,0,0,0,0,0,0,0,0,0,0,0,0,0,0,0,0,0,0,0,128,255,255,128,0,0,0,0,0,0,0,0,0,0,0,0,0,0,0,0,0,0,0,0,0,0,0,0,128,255,255,0,0,0,0,0,0,0,0,0,0,0,0,0,0,0,0,0,0,0,0,0,0,0,0,0,255,255,191,0,0,0,0,0,0,0,0,0,0,0,0,0,0,0,0,0,0,0,0,0,0,0,0,64,255,255,128,0,0,0,0,0,0,0,0,0,0,0,0,0,0,0,0,0,0,0,0,0,0,0,0,128,255,255,64,0,0,0,0,0,0,0,0,0,0,0,0,0,0,0,0,0,0,0,0,0,0,0,0,191,255,255,0,0,0,0,0,0,0,0,0,0,0,0,0,0,0,0,0,0,0,0,0,0,0,0,0,64,255,191,0,0,0,0,0,0,0,0,0,0,0,0,0,0,0,0,0,0,0,0,0,0,0,0,0,0,0,0,0,0,0,0,0,0,0,0,0,0,0,0,0,0,0,0,0,0,0,0,0,0,0,0,0,0,0,0,0,0,0,0,0,0,0,0,0,0,0,0,0,0,0,0,0,0,0,0,0,0,0,0,0,0,0,0,0,0,0,0,0,0,0,0,0,0,0,0,0,0,0,0,0,0,0,0,0,0,0,0,0,0,0,0,0,0,0,0,0,0,0,0,0,0,0,0,0,0
0,0,0,0,0,0,0,0,0,0,0,0,0,0,0,0,0,0,0,0,0,0,0,0,0,0,0,0,0,0,0,0,0,0,0,0,0,0,0,0,0,0,0,0,0,0,0,0,0,0,0,0,0,0,0,0,0,0,0,0,0,0,0,0,0,0,0,0,0,0,0,0,0,0,0,0,0,0,0,0,0,0,0,0,0,0,0,0,0,0,0,0,0,0,0,0,0,0,0,0,0,0,0,0,0,0,0,0,0,0,0,0,0,0,0,0,0,0,0,0,0,0,0,0,0,0,0,0,0,0,0,0,0,0,0,0,0,0,0,0,0,0,0,0,0,0,0,0,0,0,0,0,0,0,0,0,0,0,0,0,0,0,0,0,0,0,0,0,0,0,0,0,0,0,0,0,0,0,0,0,0,26,169,169,169,69,57,57,57,57,0,0,0,0,0,0,0,0,0,0,0,0,0,0,0,0,0,0,104,222,253,252,252,252,253,252,252,252,126,0,0,0,0,0,0,0,0,0,0,0,0,0,0,0,0,151,246,252,253,252,252,252,253,252,252,252,250,150,25,0,0,0,0,0,0,0,0,0,0,0,0,0,104,253,253,253,254,253,253,253,254,253,253,253,254,253,216,28,0,0,0,0,0,0,0,0,0,0,0,101,253,252,252,252,253,252,252,252,253,252,252,252,253,252,252,215,0,0,0,0,0,0,0,0,0,0,104,246,253,252,252,252,253,196,168,118,56,56,94,168,253,252,252,252,0,0,0,0,0,0,0,0,0,151,246,252,253,252,252,252,178,9,0,0,0,0,0,0,253,252,252,252,0,0,0,0,0,0,0,0,92,253,253,253,254,253,253,190,0,0,0,0,0,0,0,0,254,253,253,253,0,0,0,0,0,0,0,0,166,252,252,252,253,252,233,59,0,0,0,0,0,0,0,26,253,252,252,227,0,0,0,0,0,0,0,0,253,252,252,252,56,130,215,22,0,0,0,0,0,0,67,222,253,252,252,103,0,0,0,0,0,0,0,0,253,252,252,151,0,0,122,3,0,0,0,0,0,101,234,252,253,252,177,3,0,0,0,0,0,0,0,0,255,253,253,103,0,0,0,0,0,0,10,29,141,216,253,253,254,209,25,0,0,0,0,0,0,0,0,0,253,252,252,252,170,169,131,32,57,131,197,252,253,252,252,252,209,28,0,0,0,0,0,0,0,0,0,0,253,252,252,252,253,252,252,228,253,252,252,252,253,252,252,252,25,0,0,0,0,0,0,0,0,0,0,0,40,215,252,252,253,252,252,252,253,252,252,252,253,252,214,90,0,0,0,0,0,0,0,0,0,0,0,0,0,0,76,225,254,253,253,253,254,253,253,253,214,113,25,0,0,0,0,0,0,0,0,0,0,0,0,0,0,0,0,0,84,109,196,221,253,214,196,145,0,0,0,0,0,0,0,0,0,0,0,0,0,0,0,0,0,0,0,0,0,0,0,25,56,19,0,0,0,0,0,0,0,0,0,0,0,0,0,0,0,0,0,0,0,0,0,0,0,0,0,0,0,0,0,0,0,0,0,0,0,0,0,0,0,0,0,0,0,0,0,0,0,0,0,0,0,0,0,0,0,0,0,0,0,0,0,0,0,0,0,0,0,0,0,0,0,0,0,0,0,0,0,0,0,0,0,0,0,0,0,0,0,0,0,0,0,0,0,0,0,0,0,0,0,0,0,0,0,0,0,0,0,0,0,0,0,0,0,0,0,0,0,0,0,0,0,0,0,0,0
6,0,0,0,0,0,0,0,0,0,0,0,0,0,0,0,0,0,0,0,0,0,0,0,0,0,0,0,0,0,0,0,0,0,0,0,0,0,0,0,0,0,0,0,0,0,0,0,0,0,0,0,0,0,0,0,0,0,0,0,0,0,0,0,0,0,0,0,0,0,0,0,0,0,0,0,0,0,0,0,0,0,0,0,0,0,0,0,0,0,0,0,0,0,0,0,0,0,0,0,0,0,25,131,217,60,0,0,0,0,0,0,0,0,0,0,0,0,0,0,0,0,0,0,0,0,0,0,19,145,212,205,113,60,0,0,0,0,0,0,0,0,0,0,0,0,0,0,0,0,0,0,0,0,0,0,209,253,213,78,23,23,0,0,0,0,0,0,0,0,0,0,0,0,0,0,0,0,0,0,0,0,21,107,254,214,32,0,0,0,0,0,0,0,0,0,0,0,0,0,0,0,0,0,0,0,0,0,0,0,196,253,246,31,0,0,0,0,0,0,0,0,0,0,0,0,0,0,0,0,0,0,0,0,0,0,0,110,248,253,116,0,0,0,0,0,0,0,0,0,0,0,0,0,0,0,0,0,0,0,0,0,0,0,29,230,253,155,0,0,0,0,0,0,0,0,0,0,0,0,0,0,0,0,0,0,0,0,0,0,0,0,85,253,253,28,0,0,0,0,0,0,0,0,0,0,0,0,0,0,0,0,0,0,0,0,0,0,0,0,195,253,206,7,0,0,0,0,0,0,0,0,0,0,0,0,0,0,0,0,0,0,0,0,0,0,0,128,251,253,29,0,0,0,0,0,0,0,0,0,0,0,0,0,0,0,0,0,0,0,0,0,0,0,3,198,254,151,0,0,1,6,0,0,0,0,0,0,0,0,0,0,0,0,0,0,0,0,0,0,0,0,61,253,245,32,0,24,151,191,56,0,0,0,0,0,0,0,0,0,0,0,0,0,0,0,0,0,0,0,61,253,221,157,157,249,254,253,194,70,0,0,0,0,0,0,0,0,0,0,0,0,0,0,0,0,0,0,61,253,253,253,253,230,206,209,253,214,37,0,0,0,0,0,0,0,0,0,0,0,0,0,0,0,0,0,61,253,253,230,83,38,0,7,184,253,207,15,0,0,0,0,0,0,0,0,0,0,0,0,0,0,0,0,96,253,253,64,0,0,0,0,65,253,253,60,0,0,0,0,0,0,0,0,0,0,0,0,0,0,0,0,84,253,253,166,8,0,0,9,167,253,233,40,0,0,0,0,0,0,0,0,0,0,0,0,0,0,0,0,9,202,253,253,112,98,104,221,253,235,62,0,0,0,0,0,0,0,0,0,0,0,0,0,0,0,0,0,0,18,101,253,253,253,254,253,238,117,0,0,0,0,0,0,0,0,0,0,0,0,0,0,0,0,0,0,0,0,4,58,184,253,249,132,56,0,0,0,0,0,0,0,0,0,0,0,0,0,0,0,0,0,0,0,0,0,0,0,0,0,0,0,0,0,0,0,0,0,0,0,0,0,0,0,0,0,0,0,0,0,0,0,0,0,0,0,0,0,0,0,0,0,0,0,0,0,0,0,0,0,0,0,0,0,0,0,0,0,0,0,0,0,0,0,0,0,0,0,0,0,0,0,0,0,0,0,0,0,0,0,0,0,0,0,0,0,0,0,0,0,0,0,0,0,0,0,0,0,0,0,0,0,0,0,0,0,0,0,0,0,0,0,0,0,0,0,0,0,0,0,0,0,0,0,0,0,0,0,0,0,0,0,0,0,0
1,0,0,0,0,0,0,0,0,0,0,0,0,0,0,0,0,0,0,0,0,0,0,0,0,0,0,0,0,0,0,0,0,0,0,0,0,0,0,0,0,0,0,0,0,0,0,0,0,0,0,0,0,0,0,0,0,0,0,0,0,0,0,0,0,0,0,0,0,0,0,0,0,0,0,0,0,0,0,0,0,0,0,0,0,0,0,0,0,0,0,0,0,0,0,0,0,0,0,0,0,0,0,0,0,0,0,0,0,0,0,0,0,0,0,0,0,0,0,0,0,0,0,0,0,0,0,0,53,255,167,45,0,0,0,0,0,0,0,0,0,0,0,0,0,0,0,0,0,0,0,0,0,0,0,0,113,253,253,91,0,0,0,0,0,0,0,0,0,0,0,0,0,0,0,0,0,0,0,0,0,0,0,0,183,253,253,91,0,0,0,0,0,0,0,0,0,0,0,0,0,0,0,0,0,0,0,0,0,0,0,25,212,253,253,91,0,0,0,0,0,0,0,0,0,0,0,0,0,0,0,0,0,0,0,0,0,0,0,176,253,253,218,9,0,0,0,0,0,0,0,0,0,0,0,0,0,0,0,0,0,0,0,0,0,0,0,189,253,253,167,0,0,0,0,0,0,0,0,0,0,0,0,0,0,0,0,0,0,0,0,0,0,0,0,189,253,253,84,0,0,0,0,0,0,0,0,0,0,0,0,0,0,0,0,0,0,0,0,0,0,0,54,242,253,253,84,0,0,0,0,0,0,0,0,0,0,0,0,0,0,0,0,0,0,0,0,0,0,0,66,253,253,217,17,0,0,0,0,0,0,0,0,0,0,0,0,0,0,0,0,0,0,0,0,0,0,19,181,253,253,174,0,0,0,0,0,0,0,0,0,0,0,0,0,0,0,0,0,0,0,0,0,0,0,72,253,253,214,20,0,0,0,0,0,0,0,0,0,0,0,0,0,0,0,0,0,0,0,0,0,0,0,166,253,253,174,0,0,0,0,0,0,0,0,0,0,0,0,0,0,0,0,0,0,0,0,0,0,0,55,238,253,243,58,0,0,0,0,0,0,0,0,0,0,0,0,0,0,0,0,0,0,0,0,0,0,0,166,253,253,174,0,0,0,0,0,0,0,0,0,0,0,0,0,0,0,0,0,0,0,0,0,0,0,0,209,253,253,65,0,0,0,0,0,0,0,0,0,0,0,0,0,0,0,0,0,0,0,0,0,0,0,53,236,253,253,65,0,0,0,0,0,0,0,0,0,0,0,0,0,0,0,0,0,0,0,0,0,0,0,96,253,253,214,27,0,0,0,0,0,0,0,0,0,0,0,0,0,0,0,0,0,0,0,0,0,0,52,237,253,253,115,0,0,0,0,0,0,0,0,0,0,0,0,0,0,0,0,0,0,0,0,0,0,0,92,253,253,214,27,0,0,0,0,0,0,0,0,0,0,0,0,0,0,0,0,0,0,0,0,0,0,0,92,253,253,115,0,0,0,0,0,0,0,0,0,0,0,0,0,0,0,0,0,0,0,0,0,0,0,0,0,0,0,0,0,0,0,0,0,0,0,0,0,0,0,0,0,0,0,0,0,0,0,0,0,0,0,0,0,0,0,0,0,0,0,0,0,0,0,0,0,0,0,0,0,0,0,0,0,0,0,0,0,0,0,0,0,0,0,0,0,0,0,0,0,0,0,0,0,0,0,0,0,0,0,0,0,0,0,0,0,0,0,0,0,0,0,0,0,0,0,0,0,0,0,0,0,0,0,0,0,0,0
1,0,0,0,0,0,0,0,0,0,0,0,0,0,0,0,0,0,0,0,0,0,0,0,0,0,0,0,0,0,0,0,0,0,0,0,0,0,0,0,0,0,0,0,0,0,0,0,0,0,0,0,0,0,0,0,0,0,0,0,0,0,0,0,0,0,0,0,0,0,0,0,0,0,0,0,0,0,0,0,0,0,0,0,0,0,0,0,0,0,0,0,0,0,0,0,0,0,0,0,0,0,0,0,0,0,0,0,0,0,0,0,0,0,0,0,0,0,0,0,0,0,0,0,0,0,0,0,0,0,0,0,0,0,0,0,0,0,0,0,0,0,0,0,0,0,0,0,0,0,0,38,191,101,0,0,0,0,0,0,0,0,0,0,0,0,0,0,0,0,0,0,0,0,0,0,0,0,0,85,252,249,225,48,0,0,0,0,0,0,0,0,0,0,0,0,0,0,0,0,0,0,0,0,0,0,0,66,239,252,252,140,0,0,0,0,0,0,0,0,0,0,0,0,0,0,0,0,0,0,0,0,0,0,0,0,197,252,252,216,34,0,0,0,0,0,0,0,0,0,0,0,0,0,0,0,0,0,0,0,0,0,0,0,197,252,252,253,167,0,0,0,0,0,0,0,0,0,0,0,0,0,0,0,0,0,0,0,0,0,0,0,135,253,253,255,253,56,0,0,0,0,0,0,0,0,0,0,0,0,0,0,0,0,0,0,0,0,0,0,38,224,252,253,252,55,0,0,0,0,0,0,0,0,0,0,0,0,0,0,0,0,0,0,0,0,0,0,0,169,252,253,252,55,0,0,0,0,0,0,0,0,0,0,0,0,0,0,0,0,0,0,0,0,0,0,0,169,252,253,252,55,0,0,0,0,0,0,0,0,0,0,0,0,0,0,0,0,0,0,0,0,0,0,0,91,252,253,252,55,0,0,0,0,0,0,0,0,0,0,0,0,0,0,0,0,0,0,0,0,0,0,0,29,253,255,253,56,0,0,0,0,0,0,0,0,0,0,0,0,0,0,0,0,0,0,0,0,0,0,0,29,252,253,252,55,0,0,0,0,0,0,0,0,0,0,0,0,0,0,0,0,0,0,0,0,0,0,0,29,252,253,252,55,0,0,0,0,0,0,0,0,0,0,0,0,0,0,0,0,0,0,0,0,0,0,0,29,252,253,252,55,0,0,0,0,0,0,0,0,0,0,0,0,0,0,0,0,0,0,0,0,0,0,0,13,112,253,252,133,0,0,0,0,0,0,0,0,0,0,0,0,0,0,0,0,0,0,0,0,0,0,0,0,0,255,253,228,47,0,0,0,0,0,0,0,0,0,0,0,0,0,0,0,0,0,0,0,0,0,0,0,0,128,252,195,0,0,0,0,0,0,0,0,0,0,0,0,0,0,0,0,0,0,0,0,0,0,0,0,0,88,246,195,0,0,0,0,0,0,0,0,0,0,0,0,0,0,0,0,0,0,0,0,0,0,0,0,0,0,225,195,0,0,0,0,0,0,0,0,0,0,0,0,0,0,0,0,0,0,0,0,0,0,0,0,0,0,100,165,0,0,0,0,0,0,0,0,0,0,0,0,0,0,0,0,0,0,0,0,0,0,0,0,0,0,0,0,0,0,0,0,0,0,0,0,0,0,0,0,0,0,0,0,0,0,0,0,0,0,0,0,0,0,0,0,0,0,0,0,0,0,0,0,0,0,0,0,0,0,0,0,0,0,0,0,0,0,0,0,0,0,0,0,0,0,0,0,0,0,0,0,0,0,0
6,0,0,0,0,0,0,0,0,0,0,0,0,0,0,0,0,0,0,0,0,0,0,0,0,0,0,0,0,0,0,0,0,0,0,0,0,0,0,0,0,0,0,0,0,0,0,0,0,0,0,0,0,0,0,0,0,0,0,0,0,0,0,0,0,0,0,0,0,0,0,0,33,225,186,13,0,0,0,0,0,0,0,0,0,0,0,0,0,0,0,0,0,0,0,0,0,0,0,43,236,254,222,27,0,0,0,0,0,0,0,0,0,0,0,0,0,0,0,0,0,0,0,0,0,0,30,159,254,254,44,0,0,0,0,0,0,0,0,0,0,0,0,0,0,0,0,0,0,0,0,0,0,27,157,254,251,131,8,0,0,0,0,0,0,0,0,0,0,0,0,0,0,0,0,0,0,0,0,0,0,126,254,250,108,0,0,0,0,0,0,0,0,0,0,0,0,0,0,0,0,0,0,0,0,0,0,0,72,243,254,173,0,0,0,0,0,0,0,0,0,0,0,0,0,0,0,0,0,0,0,0,0,0,0,0,169,254,155,4,0,0,0,0,0,0,0,0,0,0,0,0,0,0,0,0,0,0,0,0,0,0,0,117,253,194,13,0,0,0,0,0,0,0,0,0,0,0,0,0,0,0,0,0,0,0,0,0,0,0,17,233,237,58,0,0,0,0,0,0,0,0,0,0,0,0,0,0,0,0,0,0,0,0,0,0,0,11,141,254,111,0,0,0,0,0,0,0,0,0,0,0,0,0,0,0,0,0,0,0,0,0,0,0,0,215,254,254,111,0,0,0,0,0,67,187,207,207,89,0,0,0,0,0,0,0,0,0,0,0,0,0,0,221,254,254,71,0,0,0,0,24,242,254,254,254,153,0,0,0,0,0,0,0,0,0,0,0,0,0,0,138,254,254,99,0,0,0,8,174,254,254,254,254,226,0,0,0,0,0,0,0,0,0,0,0,0,0,0,58,254,254,29,0,0,24,187,254,253,168,85,236,153,0,0,0,0,0,0,0,0,0,0,0,0,0,0,58,254,254,9,0,24,212,254,233,79,0,76,247,153,0,0,0,0,0,0,0,0,0,0,0,0,0,0,28,235,254,112,3,144,254,232,47,0,20,214,255,66,0,0,0,0,0,0,0,0,0,0,0,0,0,0,0,215,254,243,165,254,235,51,0,1,145,254,186,13,0,0,0,0,0,0,0,0,0,0,0,0,0,0,0,53,236,254,254,254,219,39,47,136,254,210,52,0,0,0,0,0,0,0,0,0,0,0,0,0,0,0,0,0,123,241,254,254,254,242,246,254,184,10,0,0,0,0,0,0,0,0,0,0,0,0,0,0,0,0,0,0,0,94,238,254,254,254,254,165,33,0,0,0,0,0,0,0,0,0,0,0,0,0,0,0,0,0,0,0,0,0,0,0,0,0,0,0,0,0,0,0,0,0,0,0,0,0,0,0,0,0,0,0,0,0,0,0,0,0,0,0,0,0,0,0,0,0,0,0,0,0,0,0,0,0,0,0,0,0,0,0,0,0,0,0,0,0,0,0,0,0,0,0,0,0,0,0,0,0,0,0,0,0,0,0,0,0,0,0,0,0,0,0,0,0,0,0,0,0,0,0,0,0,0,0,0,0,0,0,0,0,0,0,0,0,0,0,0,0,0,0,0,0,0,0,0,0,0,0,0,0,0,0,0,0,0,0,0,0,0,0,0,0,0,0,0,0,0,0,0,0,0,0,0,0,0,0,0,0,0,0,0,0,0,0,0,0
9,0,0,0,0,0,0,0,0,0,0,0,0,0,0,0,0,0,0,0,0,0,0,0,0,0,0,0,0,0,0,0,0,0,0,0,0,0,0,0,0,0,0,0,0,0,0,0,0,0,0,0,0,0,0,0,0,0,0,0,0,0,0,0,0,0,0,0,0,0,0,0,0,0,0,0,0,0,0,0,0,0,0,0,0,0,0,0,0,0,0,0,0,0,0,0,0,0,0,0,0,0,0,0,0,0,0,0,0,0,0,0,0,0,0,0,0,0,0,0,0,0,0,0,0,0,0,0,0,0,0,0,0,0,0,0,0,0,0,0,0,0,0,0,0,0,0,0,0,0,0,0,0,0,0,0,0,0,0,0,0,0,0,0,0,0,0,0,0,0,0,0,0,0,0,0,0,0,0,0,9,24,24,24,108,138,243,244,50,0,0,0,0,0,0,0,0,0,0,0,0,0,0,0,0,0,9,78,194,252,253,252,252,252,252,253,92,0,0,0,0,0,0,0,0,0,0,0,0,0,0,0,0,81,197,252,252,252,253,252,252,221,221,173,25,0,0,0,0,0,0,0,0,0,0,0,0,0,0,0,43,253,252,252,252,210,150,45,45,25,25,104,133,25,0,0,0,0,0,0,0,0,0,0,0,0,0,85,240,253,252,252,157,22,0,0,0,0,106,253,252,69,0,0,0,0,0,0,0,0,0,0,0,0,0,208,253,255,249,115,0,0,0,0,0,9,181,255,253,69,0,0,0,0,0,0,0,0,0,0,0,0,45,236,252,253,132,0,0,0,0,0,13,174,252,253,252,69,0,0,0,0,0,0,0,0,0,0,0,0,70,252,252,253,92,0,0,0,7,91,203,252,252,253,252,69,0,0,0,0,0,0,0,0,0,0,0,0,70,252,252,253,202,93,93,197,212,252,252,252,252,253,235,44,0,0,0,0,0,0,0,0,0,0,0,0,7,211,252,253,252,252,252,252,253,252,252,252,252,253,206,0,0,0,0,0,0,0,0,0,0,0,0,0,0,43,116,231,245,236,230,230,168,116,116,229,253,255,196,0,0,0,0,0,0,0,0,0,0,0,0,0,0,0,0,0,59,25,0,0,0,0,0,207,252,249,75,0,0,0,0,0,0,0,0,0,0,0,0,0,0,0,0,0,0,0,0,0,0,0,51,240,252,230,0,0,0,0,0,0,0,0,0,0,0,0,0,0,0,0,0,0,0,0,0,0,0,0,164,252,252,230,0,0,0,0,0,0,0,0,0,0,0,0,0,0,0,0,0,0,0,0,0,0,0,43,246,252,252,230,0,0,0,0,0,0,0,0,0,0,0,0,0,0,0,0,0,0,0,0,0,0,0,47,253,253,253,116,0,0,0,0,0,0,0,0,0,0,0,0,0,0,0,0,0,0,0,0,0,0,0,120,252,252,252,95,0,0,0,0,0,0,0,0,0,0,0,0,0,0,0,0,0,0,0,0,0,0,0,161,252,252,252,0,0,0,0,0,0,0,0,0,0,0,0,0,0,0,0,0,0,0,0,0,0,0,0,161,252,252,157,0,0,0,0,0,0,0,0,0,0,0,0,0,0,0,0,0,0,0,0,0,0,0,0,57,252,210,75,0,0,0,0,0,0,0,0,0,0,0,0,0,0,0,0,0,0,0,0,0,0,0,0,0,0,0,0,0,0,0,0,0,0,0,0,0,0,0,0,0,0,0,0,0,0,0,0,0,0,0,0,0,0,0,0,0,0,0,0,0,0,0,0,0,0
0,0,0,0,0,0,0,0,0,0,0,0,0,0,0,0,0,0,0,0,0,0,0,0,0,0,0,0,0,0,0,0,0,0,0,0,0,0,0,0,0,0,0,0,0,0,0,0,0,0,0,0,0,0,0,0,0,0,0,0,0,0,0,0,0,0,0,0,0,0,0,0,0,0,0,0,0,0,0,0,0,0,0,0,0,0,0,0,0,0,0,0,0,0,0,0,0,0,0,0,0,0,0,0,0,0,0,0,0,0,0,0,0,0,0,0,0,0,0,0,0,0,0,0,0,0,0,15,111,254,44,0,0,0,0,0,0,0,0,0,0,0,0,0,0,0,0,0,0,0,0,0,0,0,21,148,231,77,14,0,0,0,0,0,0,0,0,0,0,0,0,0,0,0,0,0,0,0,0,0,0,0,122,253,221,0,0,0,0,0,0,0,0,0,0,0,0,0,0,0,0,0,0,0,0,0,0,0,0,33,222,253,253,243,243,185,56,0,0,0,0,0,0,0,0,0,0,0,0,0,0,0,0,0,0,0,8,219,253,229,254,253,232,227,234,60,0,0,0,0,0,0,0,0,0,0,0,0,0,0,0,0,0,0,99,253,154,31,55,55,33,87,223,234,17,0,0,0,0,0,0,0,0,0,0,0,0,0,0,0,0,43,233,251,63,0,0,0,0,0,65,253,75,0,0,0,0,0,0,0,0,0,0,0,0,0,0,0,0,109,253,190,0,0,0,0,0,0,56,253,65,0,0,0,0,0,0,0,0,0,0,0,0,0,0,0,17,216,250,69,0,0,0,0,0,0,56,253,22,0,0,0,0,0,0,0,0,0,0,0,0,0,0,0,152,253,194,0,0,0,0,0,0,0,56,253,22,0,0,0,0,0,0,0,0,0,0,0,0,0,0,13,216,254,70,0,0,0,0,0,0,0,56,254,22,0,0,0,0,0,0,0,0,0,0,0,0,0,0,23,253,191,7,0,0,0,0,0,0,0,132,230,16,0,0,0,0,0,0,0,0,0,0,0,0,0,0,66,253,165,0,0,0,0,0,0,0,62,238,122,0,0,0,0,0,0,0,0,0,0,0,0,0,0,0,142,253,108,0,0,0,0,0,0,0,142,249,50,0,0,0,0,0,0,0,0,0,0,0,0,0,0,0,243,253,55,0,0,0,0,0,0,90,250,174,0,0,0,0,0,0,0,0,0,0,0,0,0,0,0,0,243,253,55,0,0,0,0,0,24,225,246,57,0,0,0,0,0,0,0,0,0,0,0,0,0,0,0,0,190,253,155,0,0,0,0,26,204,253,126,0,0,0,0,0,0,0,0,0,0,0,0,0,0,0,0,0,66,253,219,52,0,67,155,255,253,173,4,0,0,0,0,0,0,0,0,0,0,0,0,0,0,0,0,0,6,188,253,251,188,237,253,244,147,12,0,0,0,0,0,0,0,0,0,0,0,0,0,0,0,0,0,0,0,22,158,253,253,220,47,29,0,0,0,0,0,0,0,0,0,0,0,0,0,0,0,0,0,0,0,0,0,0,0,0,0,0,0,0,0,0,0,0,0,0,0,0,0,0,0,0,0,0,0,0,0,0,0,0,0,0,0,0,0,0,0,0,0,0,0,0,0,0,0,0,0,0,0,0,0,0,0,0,0,0,0,0,0,0,0,0,0,0,0,0,0,0,0,0,0,0,0,0,0,0,0,0,0,0,0,0,0,0,0,0,0,0,0,0,0,0,0,0,0,0,0,0,0,0,0,0,0,0,0,0
3,0,0,0,0,0,0,0,0,0,0,0,0,0,0,0,0,0,0,0,0,0,0,0,0,0,0,0,0,0,0,0,0,0,0,0,0,0,0,0,0,0,0,0,0,0,0,0,0,0,0,0,0,0,0,0,0,0,0,0,0,0,0,0,0,0,0,0,0,0,0,0,0,0,0,0,0,0,0,0,0,0,0,0,0,0,0,0,0,0,0,0,0,0,0,0,0,0,0,0,0,0,0,0,0,0,0,0,0,0,0,0,0,0,0,0,0,0,0,0,0,0,0,0,0,0,0,0,0,0,0,0,0,0,0,0,0,0,0,0,0,0,0,0,0,0,0,0,0,0,51,113,222,253,253,255,253,222,101,0,0,0,0,0,0,0,0,0,0,0,0,0,0,0,0,0,73,225,238,252,252,252,252,253,252,252,233,38,0,0,0,0,0,0,0,0,0,0,0,0,0,0,0,45,234,252,253,252,252,245,195,222,252,252,252,112,0,0,0,0,0,0,0,0,0,0,0,0,0,0,0,135,252,252,253,252,252,223,0,113,252,252,252,205,0,0,0,0,0,0,0,0,0,0,0,0,0,0,0,25,205,252,253,252,173,223,0,113,252,252,252,173,0,0,0,0,0,0,0,0,0,0,0,0,0,0,0,0,0,0,0,0,0,13,113,255,253,253,240,63,0,0,0,0,0,0,0,0,0,0,0,0,0,0,0,0,0,0,0,0,19,181,252,253,252,252,176,0,0,0,0,0,0,0,0,0,0,0,0,0,0,0,0,0,0,0,0,0,166,252,252,253,252,252,121,25,0,0,0,0,0,0,0,0,0,0,0,0,0,0,0,0,0,0,0,0,97,242,252,253,252,252,252,205,16,0,0,0,0,0,0,0,0,0,0,0,0,0,0,0,0,0,0,0,0,91,252,253,252,252,252,252,203,94,0,0,0,0,0,0,0,0,0,0,0,0,0,0,0,0,0,0,0,0,0,63,140,229,253,253,255,253,56,0,0,0,0,0,0,0,0,0,0,0,0,0,0,0,0,0,0,0,0,0,0,40,205,252,253,252,180,0,0,0,0,0,0,0,0,0,0,0,0,0,0,0,0,0,0,0,0,0,19,178,252,252,253,252,86,0,0,0,0,0,0,0,0,0,0,0,0,0,0,0,0,0,0,0,0,13,181,252,252,252,253,179,19,0,0,0,0,0,0,0,0,0,0,0,0,0,0,0,0,0,0,0,0,191,252,252,252,252,190,12,0,0,0,0,0,0,0,0,0,0,0,0,0,0,0,0,0,0,26,128,253,255,253,253,178,63,0,0,0,0,0,0,0,0,0,0,0,0,0,0,0,0,0,0,38,131,231,252,252,253,252,154,9,0,0,0,0,0,0,0,0,0,0,0,0,0,0,0,0,76,197,197,222,252,252,252,252,196,70,12,0,0,0,0,0,0,0,0,0,0,0,0,0,0,0,0,0,181,252,252,253,252,245,208,84,0,0,0,0,0,0,0,0,0,0,0,0,0,0,0,0,0,0,0,0,25,205,252,253,204,87,0,0,0,0,0,0,0,0,0,0,0,0,0,0,0,0,0,0,0,0,0,0,0,0,0,0,0,0,0,0,0,0,0,0,0,0,0,0,0,0,0,0,0,0,0,0,0,0,0,0,0,0,0,0,0,0,0,0,0,0,0,0,0,0,0,0,0,0,0,0,0,0,0,0,0,0,0,0,0,0,0,0,0,0,0,0,0,0,0,0,0,0,0,0,0,0,0,0,0,0
2,0,0,0,0,0,0,0,0,0,0,0,0,0,0,0,0,0,0,0,0,0,0,0,0,0,0,0,0,0,0,0,0,0,0,0,0,0,0,0,0,0,0,0,0,0,0,0,0,0,0,0,0,0,0,0,0,0,0,0,0,0,0,0,0,0,0,0,0,0,0,0,0,0,0,0,0,0,0,0,0,0,0,0,0,0,0,0,0,0,0,0,0,0,0,0,0,0,0,23,29,154,253,253,253,255,178,94,0,0,0,0,0,0,0,0,0,0,0,0,0,0,0,0,0,7,131,234,252,253,252,252,252,253,252,187,7,0,0,0,0,0,0,0,0,0,0,0,0,0,0,0,0,16,215,252,252,253,233,168,168,178,252,252,78,0,0,0,0,0,0,0,0,0,0,0,0,0,0,0,0,29,252,252,202,128,22,0,0,29,252,252,28,0,0,0,0,0,0,0,0,0,0,0,0,0,0,0,0,0,76,113,13,0,0,0,0,79,216,206,63,0,0,0,0,0,0,0,0,0,0,0,0,0,0,0,0,0,0,0,0,0,0,0,0,216,252,168,0,0,0,0,0,0,0,0,0,0,0,0,0,0,0,0,0,0,0,0,0,0,0,0,126,253,252,80,0,0,0,0,0,0,0,0,0,0,0,0,0,0,0,0,0,0,0,0,0,0,0,76,249,253,227,31,0,0,0,0,0,0,0,0,0,0,0,0,0,0,0,0,0,0,0,0,0,29,166,253,253,239,38,0,0,0,0,0,0,0,0,0,0,0,0,0,0,0,0,0,0,0,0,0,51,216,252,252,252,213,38,0,0,0,0,0,0,0,0,0,0,0,0,0,0,0,0,0,0,10,85,172,246,253,252,252,164,25,0,0,0,0,0,0,0,0,0,0,0,0,0,0,0,0,0,0,51,128,252,252,252,253,252,164,78,0,0,0,0,0,0,0,0,0,0,0,0,0,0,0,0,0,19,117,241,254,253,253,253,151,0,0,0,0,0,0,0,0,0,0,0,0,0,0,0,0,0,0,26,120,225,252,252,253,240,158,84,0,0,0,0,0,0,0,0,0,0,0,0,0,0,0,0,0,0,29,210,253,252,252,252,253,240,197,197,198,197,197,97,0,0,0,0,0,0,0,0,0,0,0,0,0,101,234,252,253,252,252,252,253,252,252,252,253,252,252,252,101,0,51,0,0,0,0,0,0,0,0,0,29,216,253,253,254,253,253,253,254,253,253,253,254,253,244,225,51,0,0,0,0,0,0,0,0,0,0,0,141,252,252,252,253,252,252,227,222,196,158,84,84,84,56,0,0,0,0,0,0,0,0,0,0,0,0,0,91,252,252,252,206,168,130,31,25,0,0,0,0,0,0,0,0,0,0,0,0,0,0,0,0,0,0,0,41,252,214,90,13,0,0,0,0,0,0,0,0,0,0,0,0,0,0,0,0,0,0,0,0,0,0,0,0,0,0,0,0,0,0,0,0,0,0,0,0,0,0,0,0,0,0,0,0,0,0,0,0,0,0,0,0,0,0,0,0,0,0,0,0,0,0,0,0,0,0,0,0,0,0,0,0,0,0,0,0,0,0,0,0,0,0,0,0,0,0,0,0,0,0,0,0,0,0,0,0,0,0,0,0,0,0,0,0,0,0,0,0,0,0,0,0,0,0,0,0,0,0,0,0,0,0,0,0,0,0,0,0,0,0,0,0,0,0,0,0,0,0,0,0,0,0,0,0,0,0,0,0,0,0,0,0,0,0,0,0,0,0,0
7,0,0,0,0,0,0,0,0,0,0,0,0,0,0,0,0,0,0,0,0,0,0,0,0,0,0,0,0,0,0,0,0,0,0,0,0,0,0,0,0,0,0,0,0,0,0,0,0,0,0,0,0,0,0,0,0,0,0,0,0,0,0,0,0,0,0,0,0,0,0,0,0,0,0,0,0,0,0,0,0,0,0,0,0,0,0,0,0,0,0,0,0,0,0,0,0,0,0,0,0,0,0,0,0,0,0,0,0,0,0,0,0,0,0,0,0,0,0,0,0,0,0,0,0,0,0,0,0,0,0,0,0,0,0,0,0,0,0,0,0,0,0,0,0,0,0,0,0,0,0,0,0,0,0,0,0,0,0,0,0,0,0,0,0,0,0,0,0,0,0,0,0,0,0,0,0,0,13,184,255,121,0,0,0,0,0,0,0,0,0,0,0,0,0,0,0,0,0,0,0,0,0,0,0,18,171,253,253,219,60,61,11,0,0,18,61,61,4,0,0,0,0,0,0,0,0,0,0,0,0,0,0,75,253,253,253,253,253,254,180,164,164,191,253,253,169,39,0,0,0,0,0,0,0,0,0,0,0,0,57,159,253,253,253,253,253,254,253,253,253,253,253,253,253,59,0,0,0,0,0,0,0,0,0,0,0,0,121,253,253,253,182,64,29,91,178,81,29,183,253,253,226,42,0,0,0,0,0,0,0,0,0,0,8,39,214,253,249,223,12,0,0,0,0,0,15,184,253,253,145,0,0,0,0,0,0,0,0,0,0,0,139,253,253,253,223,0,0,0,0,0,0,0,121,253,253,253,14,0,0,0,0,0,0,0,0,0,0,0,209,253,253,226,56,0,0,0,0,0,0,6,167,253,253,126,1,0,0,0,0,0,0,0,0,0,0,0,183,253,253,151,0,0,0,0,0,0,11,58,253,253,203,28,0,0,0,0,0,0,0,0,0,0,0,0,25,104,104,12,0,0,0,0,0,0,60,253,253,253,74,0,0,0,0,0,0,0,0,0,0,0,0,0,0,0,0,0,0,0,0,0,0,0,123,254,254,179,0,0,0,0,0,0,0,0,0,0,0,0,0,0,0,0,0,0,0,0,0,0,0,87,246,253,253,55,0,0,0,0,0,0,0,0,0,0,0,0,0,0,0,0,0,0,0,0,0,0,0,114,253,253,246,27,0,0,0,0,0,0,0,0,0,0,0,0,0,0,0,0,0,0,0,0,0,0,0,254,253,253,133,0,0,0,0,0,0,0,0,0,0,0,0,0,0,0,0,0,0,0,0,0,0,40,224,254,253,195,16,0,0,0,0,0,0,0,0,0,0,0,0,0,0,0,0,0,0,0,0,0,82,193,253,242,187,26,0,0,0,0,0,0,0,0,0,0,0,0,0,0,0,0,0,0,0,0,0,72,247,253,253,71,0,0,0,0,0,0,0,0,0,0,0,0,0,0,0,0,0,0,0,0,0,0,0,135,253,253,253,0,0,0,0,0,0,0,0,0,0,0,0,0,0,0,0,0,0,0,0,0,0,0,0,134,253,253,253,0,0,0,0,0,0,0,0,0,0,0,0,0,0,0,0,0,0,0,0,0,0,0,0,56,245,226,104,0,0,0,0,0,0,0,0,0,0,0,0,0,0,0,0,0,0,0,0,0,0,0,0,0,0,0,0,0,0,0,0,0,0,0,0,0,0,0,0,0,0,0,0,0,0,0,0,0,0,0,0,0,0,0,0,0,0,0,0,0,0,0,0,0,0,0,0,0,0
1,0,0,0,0,0,0,0,0,0,0,0,0,0,0,0,0,0,0,0,0,0,0,0,0,0,0,0,0,0,0,0,0,0,0,0,0,0,0,0,0,0,0,0,0,0,0,0,0,0,0,0,0,0,0,0,0,0,0,0,0,0,0,0,0,0,0,0,0,0,0,0,0,0,0,0,0,0,0,0,0,0,0,0,0,0,0,0,0,0,0,0,0,0,0,0,0,0,0,0,0,0,0,0,0,0,0,0,0,0,0,0,0,0,0,0,0,0,0,0,0,0,0,0,0,0,0,0,0,0,0,110,253,182,0,0,0,0,0,0,0,0,0,0,0,0,0,0,0,0,0,0,0,0,0,0,0,0,0,109,251,180,0,0,0,0,0,0,0,0,0,0,0,0,0,0,0,0,0,0,0,0,0,0,0,0,58,231,251,25,0,0,0,0,0,0,0,0,0,0,0,0,0,0,0,0,0,0,0,0,0,0,0,63,231,251,251,0,0,0,0,0,0,0,0,0,0,0,0,0,0,0,0,0,0,0,0,0,0,0,0,144,251,251,251,0,0,0,0,0,0,0,0,0,0,0,0,0,0,0,0,0,0,0,0,0,0,0,21,176,253,221,51,0,0,0,0,0,0,0,0,0,0,0,0,0,0,0,0,0,0,0,0,0,0,0,176,251,230,61,0,0,0,0,0,0,0,0,0,0,0,0,0,0,0,0,0,0,0,0,0,0,0,156,253,251,60,0,0,0,0,0,0,0,0,0,0,0,0,0,0,0,0,0,0,0,0,0,0,0,0,180,253,251,35,0,0,0,0,0,0,0,0,0,0,0,0,0,0,0,0,0,0,0,0,0,0,0,79,231,253,251,35,0,0,0,0,0,0,0,0,0,0,0,0,0,0,0,0,0,0,0,0,0,0,11,150,253,255,108,0,0,0,0,0,0,0,0,0,0,0,0,0,0,0,0,0,0,0,0,0,0,0,140,251,251,253,107,0,0,0,0,0,0,0,0,0,0,0,0,0,0,0,0,0,0,0,0,0,0,21,221,251,251,164,15,0,0,0,0,0,0,0,0,0,0,0,0,0,0,0,0,0,0,0,0,0,0,144,251,251,173,0,0,0,0,0,0,0,0,0,0,0,0,0,0,0,0,0,0,0,0,0,0,0,53,221,251,251,71,0,0,0,0,0,0,0,0,0,0,0,0,0,0,0,0,0,0,0,0,0,0,0,255,253,253,143,0,0,0,0,0,0,0,0,0,0,0,0,0,0,0,0,0,0,0,0,0,0,0,0,253,251,251,142,0,0,0,0,0,0,0,0,0,0,0,0,0,0,0,0,0,0,0,0,0,0,16,166,253,251,194,20,0,0,0,0,0,0,0,0,0,0,0,0,0,0,0,0,0,0,0,0,0,0,109,251,253,251,35,0,0,0,0,0,0,0,0,0,0,0,0,0,0,0,0,0,0,0,0,0,0,0,109,251,253,147,10,0,0,0,0,0,0,0,0,0,0,0,0,0,0,0,0,0,0,0,0,0,0,0,0,0,0,0,0,0,0,0,0,0,0,0,0,0,0,0,0,0,0,0,0,0,0,0,0,0,0,0,0,0,0,0,0,0,0,0,0,0,0,0,0,0,0,0,0,0,0,0,0,0,0,0,0,0,0,0,0,0,0,0,0,0,0,0,0,0,0,0,0,0,0,0,0,0,0,0,0,0,0,0,0,0,0,0,0,0,0,0,0,0,0,0,0,0,0,0,0,0,0,0,0,0,0,0
6,0,0,0,0,0,0,0,0,0,0,0,0,0,0,0,0,0,0,0,0,0,0,0,0,0,0,0,0,0,0,0,0,0,0,0,0,0,0,0,0,0,0,0,0,0,0,0,0,0,0,0,0,0,0,0,0,0,0,0,0,0,0,0,0,0,0,0,0,61,253,165,0,0,0,0,0,0,0,0,0,0,0,0,0,0,0,0,0,0,0,0,0,0,0,0,6,178,254,164,0,0,0,0,0,0,0,0,0,0,0,0,0,0,0,0,0,0,0,0,0,0,0,0,130,254,254,164,0,0,0,0,0,0,0,0,0,0,0,0,0,0,0,0,0,0,0,0,0,0,0,27,230,254,254,134,0,0,0,0,0,0,0,0,0,0,0,0,0,0,0,0,0,0,0,0,0,0,8,139,254,254,239,23,0,0,0,0,0,0,0,0,0,0,0,0,0,0,0,0,0,0,0,0,0,0,56,254,254,254,62,0,0,0,0,0,0,0,0,0,0,0,0,0,0,0,0,0,0,0,0,0,0,0,127,254,254,187,3,0,0,0,0,0,0,0,0,0,0,0,0,0,0,0,0,0,0,0,0,0,0,0,59,254,254,252,6,0,0,0,0,0,0,0,0,0,0,0,0,0,0,0,0,0,0,0,0,0,0,0,179,254,254,136,1,0,0,0,0,0,0,0,0,0,0,0,0,0,0,0,0,0,0,0,0,0,0,0,194,254,243,23,0,0,0,0,0,0,34,42,0,0,0,0,0,0,0,0,0,0,0,0,0,0,0,0,194,254,139,0,0,0,0,0,47,187,220,227,25,0,0,0,0,0,0,0,0,0,0,0,0,0,0,0,194,254,118,0,0,0,0,47,224,254,254,254,49,0,0,0,0,0,0,0,0,0,0,0,0,0,0,0,194,254,241,0,0,0,40,225,254,254,251,254,171,0,0,0,0,0,0,0,0,0,0,0,0,0,0,0,194,254,241,0,0,0,137,254,254,180,125,254,171,0,0,0,0,0,0,0,0,0,0,0,0,0,0,0,137,254,254,118,0,86,252,254,228,6,125,254,217,30,0,0,0,0,0,0,0,0,0,0,0,0,0,0,130,254,254,166,47,165,254,254,151,4,195,254,97,0,0,0,0,0,0,0,0,0,0,0,0,0,0,0,12,156,254,254,231,220,254,254,249,200,227,254,171,0,0,0,0,0,0,0,0,0,0,0,0,0,0,0,0,11,159,254,254,254,254,254,254,254,254,254,74,0,0,0,0,0,0,0,0,0,0,0,0,0,0,0,0,0,6,96,240,254,254,254,254,254,244,177,13,0,0,0,0,0,0,0,0,0,0,0,0,0,0,0,0,0,0,0,51,117,229,254,254,251,60,0,0,0,0,0,0,0,0,0,0,0,0,0,0,0,0,0,0,0,0,0,0,0,0,0,0,0,0,0,0,0,0,0,0,0,0,0,0,0,0,0,0,0,0,0,0,0,0,0,0,0,0,0,0,0,0,0,0,0,0,0,0,0,0,0,0,0,0,0,0,0,0,0,0,0,0,0,0,0,0,0,0,0,0,0,0,0,0,0,0,0,0,0,0,0,0,0,0,0,0,0,0,0,0,0,0,0,0,0,0,0,0,0,0,0,0,0,0,0,0,0,0,0,0,0,0,0,0,0,0,0,0,0,0,0,0,0,0,0,0,0,0,0,0,0,0,0,0,0,0,0,0,0,0,0,0,0,0,0,0,0,0,0,0,0,0,0,0,0,0,0,0,0,0,0,0
6,0,0,0,0,0,0,0,0,0,0,0,0,0,0,0,0,0,0,0,0,0,0,0,0,0,0,0,0,0,0,0,0,0,0,0,0,0,0,0,0,0,0,0,0,0,0,0,0,0,0,0,0,0,0,0,0,0,0,0,0,0,0,0,0,0,0,0,0,0,36,241,126,0,0,0,0,0,0,0,0,0,0,0,0,0,0,0,0,0,0,0,0,0,0,0,0,13,191,254,145,0,0,0,0,0,0,0,0,0,0,0,0,0,0,0,0,0,0,0,0,0,0,0,0,89,254,231,15,0,0,0,0,0,0,0,0,0,0,0,0,0,0,0,0,0,0,0,0,0,0,0,13,229,254,197,0,0,0,0,0,0,0,0,0,0,0,0,0,0,0,0,0,0,0,0,0,0,0,0,107,254,254,79,0,0,0,0,0,0,0,0,0,0,0,0,0,0,0,0,0,0,0,0,0,0,0,0,155,254,228,21,0,0,0,0,0,0,0,0,0,0,0,0,0,0,0,0,0,0,0,0,0,0,0,0,207,254,165,0,0,0,0,0,0,0,0,0,0,0,0,0,0,0,0,0,0,0,0,0,0,0,0,67,252,254,103,0,0,0,0,0,0,0,0,0,0,0,0,0,0,0,0,0,0,0,0,0,0,0,0,141,254,212,54,0,0,0,0,0,0,0,0,0,0,0,0,0,0,0,0,0,0,0,0,0,0,0,0,176,254,169,0,0,0,0,0,0,0,0,0,0,0,0,0,0,0,0,0,0,0,0,0,0,0,0,0,236,254,169,0,0,0,0,0,0,0,0,0,0,0,0,0,0,0,0,0,0,0,0,0,0,0,0,0,236,254,169,0,0,0,0,0,0,0,0,0,0,0,0,0,0,0,0,0,0,0,0,0,0,0,0,0,236,254,169,0,0,0,0,0,4,4,8,0,0,0,0,0,0,0,0,0,0,0,0,0,0,0,0,0,236,254,194,3,0,0,20,159,204,197,232,60,0,0,0,0,0,0,0,0,0,0,0,0,0,0,0,0,148,254,254,148,34,176,241,254,254,254,254,228,0,0,0,0,0,0,0,0,0,0,0,0,0,0,0,0,100,254,254,243,230,254,254,254,254,254,254,157,0,0,0,0,0,0,0,0,0,0,0,0,0,0,0,0,14,221,254,254,254,254,255,254,254,254,254,110,0,0,0,0,0,0,0,0,0,0,0,0,0,0,0,0,0,117,254,254,254,254,254,254,254,254,204,19,0,0,0,0,0,0,0,0,0,0,0,0,0,0,0,0,0,24,207,254,254,254,254,254,254,235,65,0,0,0,0,0,0,0,0,0,0,0,0,0,0,0,0,0,0,0,22,66,111,194,254,204,121,22,0,0,0,0,0,0,0,0,0,0,0,0,0,0,0,0,0,0,0,0,0,0,0,0,0,0,0,0,0,0,0,0,0,0,0,0,0,0,0,0,0,0,0,0,0,0,0,0,0,0,0,0,0,0,0,0,0,0,0,0,0,0,0,0,0,0,0,0,0,0,0,0,0,0,0,0,0,0,0,0,0,0,0,0,0,0,0,0,0,0,0,0,0,0,0,0,0,0,0,0,0,0,0,0,0,0,0,0,0,0,0,0,0,0,0,0,0,0,0,0,0,0,0,0,0,0,0,0,0,0,0,0,0,0,0,0,0,0,0,0,0,0,0,0,0,0,0,0,0,0,0,0,0,0,0,0,0,0,0,0,0,0,0,0,0,0,0,0,0,0,0,0,0,0,0,0
3,0,0,0,0,0,0,0,0,0,0,0,0,0,0,0,0,0,0,0,0,0,0,0,0,0,0,0,0,0,0,0,0,0,0,0,0,0,0,0,0,0,0,0,0,0,0,0,0,0,0,0,0,0,0,0,0,0,0,0,0,0,0,0,0,0,0,0,0,0,0,0,0,0,0,0,0,0,0,0,0,0,0,0,0,0,0,0,0,0,0,0,0,0,0,0,135,125,74,90,0,0,0,0,0,0,0,0,0,0,0,0,0,0,0,0,0,0,0,0,0,0,0,0,128,234,255,238,196,84,0,0,0,0,0,0,0,0,0,0,0,0,0,0,0,0,0,0,0,0,0,0,3,56,128,100,51,131,0,0,0,0,0,0,0,0,0,0,0,0,0,0,0,0,0,0,0,0,0,0,0,0,0,0,10,160,0,0,0,0,0,0,0,0,0,0,0,0,0,0,0,0,0,0,0,0,0,0,0,0,0,0,128,177,0,0,0,0,0,0,0,0,0,0,0,0,0,0,0,0,0,0,0,0,0,0,0,0,27,114,179,52,0,0,0,0,0,0,0,0,0,0,0,0,0,0,0,0,0,0,0,0,0,0,0,0,169,133,16,0,0,0,0,0,0,0,0,0,0,0,0,0,0,0,0,0,0,0,0,0,0,0,14,195,59,0,0,0,0,0,0,0,0,0,0,0,0,0,0,0,0,0,0,0,0,0,0,0,0,0,0,20,0,0,0,0,0,0,0,0,0,0,0,0,0,0,0,0,0,0,0,0,0,0,0,0,0,0,0,0,59,39,0,0,0,0,0,0,0,0,0,0,0,0,0,0,0,0,0,0,0,0,0,0,0,0,0,0,0,152,62,0,0,0,0,0,0,0,0,0,0,0,0,0,0,0,0,0,0,0,0,0,0,0,0,0,0,24,166,32,0,0,0,0,0,0,0,0,0,0,0,0,0,0,0,0,0,0,0,0,0,0,0,0,0,0,172,144,0,0,0,0,0,0,0,0,0,0,0,0,0,0,0,0,0,0,0,0,0,0,0,0,0,0,95,216,0,0,0,0,0,0,0,0,0,0,0,0,0,0,0,0,0,0,0,0,0,0,0,0,0,20,205,235,0,0,0,0,0,0,0,0,0,0,0,0,0,0,0,0,0,0,0,0,0,0,0,0,0,81,254,236,0,0,0,0,0,0,0,0,0,0,0,0,0,0,0,0,0,0,0,0,0,0,0,0,16,201,233,68,0,0,0,0,0,0,0,0,0,0,0,0,0,0,0,0,0,0,0,0,171,62,8,27,164,254,171,0,0,0,0,0,0,0,0,0,0,0,0,0,0,0,0,0,0,0,0,0,191,254,211,238,254,254,88,0,0,0,0,0,0,0,0,0,0,0,0,0,0,0,0,0,0,0,0,0,16,86,202,221,254,234,23,0,0,0,0,0,0,0,0,0,0,0,0,0,0,0,0,0,0,0,0,0,0,0,0,0,0,0,0,0,0,0,0,0,0,0,0,0,0,0,0,0,0,0,0,0,0,0,0,0,0,0,0,0,0,0,0,0,0,0,0,0,0,0,0,0,0,0,0,0,0,0,0,0,0,0,0,0,0,0,0,0,0,0,0,0,0,0,0,0,0,0,0,0,0,0,0,0,0,0,0,0,0,0,0,0,0,0,0,0,0,0,0,0,0,0,0,0,0,0,0,0,0,0,0,0,0,0,0,0,0,0,0,0,0,0,0,0,0,0,0,0,0,0,0,0,0,0,0,0,0,0,0
9,0,0,0,0,0,0,0,0,0,0,0,0,0,0,0,0,0,0,0,0,0,0,0,0,0,0,0,0,0,0,0,0,0,0,0,0,0,0,0,0,0,0,0,0,0,0,0,0,0,0,0,0,0,0,0,0,0,0,0,0,0,0,0,0,0,0,0,0,0,0,0,0,0,0,0,0,0,0,0,0,0,0,0,0,0,0,0,0,0,0,0,0,0,0,0,0,0,0,0,0,0,0,0,0,0,0,0,0,0,0,0,0,0,0,0,0,0,0,0,0,0,0,0,0,0,0,0,0,0,0,0,0,0,0,0,0,0,0,0,0,0,0,0,0,0,0,0,0,0,0,0,0,0,0,0,0,0,0,0,0,0,0,0,0,0,0,0,0,0,0,0,0,0,0,0,0,0,0,0,11,43,166,253,200,111,0,0,0,0,0,0,0,0,0,0,0,0,0,0,0,0,0,0,0,0,0,131,206,252,253,252,252,237,67,0,0,0,0,0,0,0,0,0,0,0,0,0,0,0,0,0,0,84,206,251,247,187,109,21,83,245,244,54,0,0,0,0,0,0,0,0,0,0,0,0,0,0,0,16,108,253,252,141,63,0,0,0,0,99,252,176,0,0,0,0,0,0,0,0,0,0,0,0,0,0,9,186,252,253,94,4,0,0,0,0,0,64,252,229,106,53,0,0,0,0,0,0,0,0,0,0,0,0,128,253,236,45,0,0,0,0,0,0,0,54,229,254,253,127,0,0,0,0,0,0,0,0,0,0,0,0,127,252,68,0,0,0,0,0,0,0,0,0,27,253,252,126,0,0,0,0,0,0,0,0,0,0,0,0,127,252,191,0,0,0,0,0,0,0,0,0,54,253,252,118,0,0,0,0,0,0,0,0,0,0,0,0,101,252,252,169,90,32,0,0,0,0,0,16,186,253,231,16,0,0,0,0,0,0,0,0,0,0,0,0,4,113,235,253,252,232,185,106,107,106,203,221,252,253,80,0,0,0,0,0,0,0,0,0,0,0,0,0,0,0,0,124,211,215,253,253,255,253,253,253,253,230,27,0,0,0,0,0,0,0,0,0,0,0,0,0,0,0,0,0,0,6,63,107,168,168,116,189,252,176,0,0,0,0,0,0,0,0,0,0,0,0,0,0,0,0,0,0,0,0,0,0,0,0,0,169,252,53,0,0,0,0,0,0,0,0,0,0,0,0,0,0,0,0,0,0,0,0,0,0,0,0,6,190,252,0,0,0,0,0,0,0,0,0,0,0,0,0,0,0,0,0,0,0,0,0,0,0,0,0,22,252,252,0,0,0,0,0,0,0,0,0,0,0,0,0,0,0,0,0,0,0,0,0,0,0,0,0,22,253,253,0,0,0,0,0,0,0,0,0,0,0,0,0,0,0,0,0,0,0,0,0,0,0,0,0,22,252,252,0,0,0,0,0,0,0,0,0,0,0,0,0,0,0,0,0,0,0,0,0,0,0,0,0,22,252,252,0,0,0,0,0,0,0,0,0,0,0,0,0,0,0,0,0,0,0,0,0,0,0,0,0,7,196,252,152,16,0,0,0,0,0,0,0,0,0,0,0,0,0,0,0,0,0,0,0,0,0,0,0,0,81,252,236,37,0,0,0,0,0,0,0,0,0,0,0,0,0,0,0,0,0,0,0,0,0,0,0,0,0,0,0,0,0,0,0,0,0,0,0,0,0,0,0,0,0,0,0,0,0,0,0,0,0,0,0,0,0,0,0,0,0,0,0,0,0,0,0,0
3,0,0,0,0,0,0,0,0,0,0,0,0,0,0,0,0,0,0,0,0,0,0,0,0,0,0,0,0,0,0,0,0,0,0,0,0,0,0,0,0,0,0,0,0,0,0,0,0,0,0,0,0,0,0,0,0,0,0,0,0,0,0,0,0,0,0,0,0,0,0,0,0,0,0,0,0,0,0,0,0,0,0,0,0,0,0,0,0,0,0,0,0,0,0,0,0,0,0,0,0,0,0,0,0,0,0,0,0,0,0,0,0,0,0,0,0,0,0,0,0,0,0,0,0,0,0,0,0,0,0,0,0,0,0,0,0,0,0,0,0,0,0,0,0,0,0,0,0,0,0,37,143,190,164,153,63,5,0,0,0,0,0,0,0,0,0,0,0,0,0,0,0,0,0,0,18,112,158,241,254,254,254,254,254,150,0,0,0,0,0,0,0,0,0,0,0,0,0,0,0,0,0,68,227,254,254,254,248,163,163,237,254,243,39,0,0,0,0,0,0,0,0,0,0,0,0,0,0,0,18,228,254,249,197,140,20,0,0,113,254,254,53,0,0,0,0,0,0,0,0,0,0,0,0,0,0,0,16,205,208,49,0,0,0,0,5,161,254,225,28,0,0,0,0,0,0,0,0,0,0,0,0,0,0,0,0,0,0,0,0,0,0,0,49,254,254,115,0,0,0,0,0,0,0,0,0,0,0,0,0,0,0,0,0,0,0,0,0,0,0,0,126,254,254,22,0,0,0,0,0,0,0,0,0,0,0,0,0,0,0,0,0,0,0,0,0,0,2,82,252,253,140,4,0,0,0,0,0,0,0,0,0,0,0,0,0,0,0,0,0,0,0,0,0,0,88,254,254,245,58,0,0,0,0,0,0,0,0,0,0,0,0,0,0,0,0,0,0,0,0,0,0,0,98,254,254,254,250,188,69,17,0,0,0,0,0,0,0,0,0,0,0,0,0,0,0,0,0,0,0,0,4,48,157,241,254,254,254,223,67,0,0,0,0,0,0,0,0,0,0,0,0,0,0,0,0,0,0,0,0,0,0,5,111,249,254,254,242,69,0,0,0,0,0,0,0,0,0,0,0,0,0,0,0,0,0,0,0,0,0,0,0,18,99,240,254,245,67,0,0,0,0,0,0,0,0,0,0,0,0,0,0,0,0,0,0,0,0,0,0,0,0,63,241,254,187,0,0,0,0,0,0,0,0,0,0,0,0,0,0,0,0,0,0,0,0,0,0,0,0,0,199,254,187,0,0,0,0,0,0,0,0,0,0,0,0,0,0,0,0,0,0,0,0,0,0,0,35,199,252,254,172,0,0,0,0,0,0,0,0,0,0,0,0,0,0,0,0,0,0,0,1,5,35,191,243,254,254,173,21,0,0,0,0,0,0,0,0,0,0,0,0,0,0,0,0,123,156,99,181,254,254,254,254,210,86,0,0,0,0,0,0,0,0,0,0,0,0,0,0,0,0,0,0,246,254,254,254,253,221,168,48,10,0,0,0,0,0,0,0,0,0,0,0,0,0,0,0,0,0,0,0,209,211,158,140,59,0,0,0,0,0,0,0,0,0,0,0,0,0,0,0,0,0,0,0,0,0,0,0,0,0,0,0,0,0,0,0,0,0,0,0,0,0,0,0,0,0,0,0,0,0,0,0,0,0,0,0,0,0,0,0,0,0,0,0,0,0,0,0,0,0,0,0,0,0,0,0,0,0,0,0,0,0,0,0,0,0,0,0,0,0,0,0,0,0,0,0,0,0,0,0,0,0
2,0,0,0,0,0,0,0,0,0,0,0,0,0,0,0,0,0,0,0,0,0,0,0,0,0,0,0,0,0,0,0,0,0,0,0,0,0,0,0,0,0,0,0,0,0,0,0,0,0,0,0,0,0,0,0,0,0,0,0,0,0,0,0,0,0,0,0,0,0,0,0,0,0,0,0,0,0,0,0,0,0,0,0,0,0,0,0,0,0,0,0,0,0,0,0,0,0,0,0,0,0,0,0,0,0,0,0,0,0,0,0,0,0,0,0,0,0,0,0,0,0,0,0,0,0,0,0,0,0,0,0,0,0,0,0,0,0,0,0,0,0,0,0,0,0,0,0,0,17,118,118,118,13,0,0,0,0,0,0,0,0,0,0,0,0,0,0,0,0,0,0,0,0,37,213,235,238,254,254,254,237,123,26,0,0,0,0,0,0,0,0,0,0,0,0,0,0,0,0,0,36,219,254,254,254,254,254,254,254,254,199,27,0,0,0,0,0,0,0,0,0,0,0,0,0,0,0,0,118,254,238,199,199,117,61,61,110,244,254,215,84,0,0,0,0,0,0,0,0,0,0,0,0,0,0,0,211,241,80,0,0,0,0,0,0,105,226,254,203,0,0,0,0,0,0,0,0,0,0,0,0,0,0,0,242,75,0,0,0,0,0,0,0,0,49,254,248,8,0,0,0,0,0,0,0,0,0,0,0,0,0,0,0,0,0,0,0,0,0,0,0,0,49,254,254,130,0,0,0,0,0,0,0,0,0,0,0,0,0,0,0,0,0,0,0,0,0,0,0,0,2,168,254,130,0,0,0,0,0,0,0,0,0,0,0,0,0,0,0,0,0,0,0,0,0,0,0,0,0,166,254,130,0,0,0,0,0,0,0,0,0,0,0,0,0,0,0,0,0,0,0,0,0,0,0,0,14,190,254,130,0,0,0,0,0,0,0,0,0,0,0,0,0,0,0,0,0,0,0,0,0,0,0,0,49,254,249,35,0,0,0,0,0,0,0,0,0,0,0,0,0,0,0,0,0,0,0,0,0,0,0,8,146,255,157,0,0,0,0,0,0,0,0,0,0,0,0,0,0,0,0,0,0,0,0,0,76,145,145,175,254,239,48,0,0,0,0,0,0,0,0,0,0,0,0,0,0,0,0,0,0,0,0,7,191,254,254,254,254,159,0,0,0,0,0,0,0,0,0,0,0,0,0,0,0,0,0,0,0,0,0,1,85,151,187,254,254,246,163,54,0,0,0,0,0,0,0,0,0,0,0,0,0,0,0,0,0,0,0,0,0,0,12,146,187,255,254,238,90,11,0,0,0,0,0,0,0,0,0,0,0,0,0,0,0,0,0,0,0,0,0,0,11,144,228,254,254,162,48,0,0,0,0,0,0,0,0,0,0,0,0,0,0,0,0,0,0,0,0,0,0,0,47,233,254,254,236,180,180,180,0,0,0,0,0,0,0,0,0,0,0,0,0,0,0,0,0,0,0,0,0,47,227,240,254,254,254,243,0,0,0,0,0,0,0,0,0,0,0,0,0,0,0,0,0,0,0,0,0,0,0,38,117,117,117,54,0,0,0,0,0,0,0,0,0,0,0,0,0,0,0,0,0,0,0,0,0,0,0,0,0,0,0,0,0,0,0,0,0,0,0,0,0,0,0,0,0,0,0,0,0,0,0,0,0,0,0,0,0,0,0,0,0,0,0,0,0,0,0,0,0,0,0,0,0,0,0,0,0,0,0,0,0,0,0,0,0,0,0,0,0,0,0,0
2,0,0,0,0,0,0,0,0,0,0,0,0,0,0,0,0,0,0,0,0,0,0,0,0,0,0,0,0,0,0,0,0,0,0,0,0,0,0,0,0,0,0,0,0,0,0,0,0,0,0,0,0,0,0,0,0,0,0,0,0,0,0,0,0,0,0,0,0,0,0,0,0,0,0,0,0,0,0,0,0,0,0,0,0,0,0,0,0,0,0,0,0,0,0,0,0,0,0,0,0,0,0,0,0,0,0,0,0,0,0,0,0,0,0,0,0,0,0,0,0,0,0,0,0,0,0,0,0,0,0,0,0,0,0,0,0,0,0,0,0,0,0,0,0,0,0,0,0,0,29,128,170,254,235,52,0,0,0,0,0,0,0,0,0,0,0,0,0,0,0,0,0,0,0,0,0,76,183,253,253,253,253,235,85,2,0,0,0,0,0,0,0,0,0,0,0,0,0,0,0,0,0,0,39,226,253,253,253,253,253,253,253,129,0,0,0,0,0,0,0,0,0,0,0,0,0,0,0,0,0,0,159,253,251,167,50,133,133,230,253,246,48,0,0,0,0,0,0,0,0,0,0,0,0,0,0,0,0,0,46,149,70,0,0,0,0,66,226,253,183,0,0,0,0,0,0,0,0,0,0,0,0,0,0,0,0,0,0,0,0,0,0,0,0,0,102,249,247,78,0,0,0,0,0,0,0,0,0,0,0,0,0,0,0,0,0,0,0,0,0,0,0,0,0,142,253,201,0,0,0,0,0,0,0,0,0,0,0,0,0,0,0,0,0,0,0,0,0,0,0,0,0,60,253,228,0,0,0,0,0,0,0,0,0,0,0,0,0,0,0,0,0,0,0,0,0,0,0,0,0,4,189,228,0,0,0,0,0,0,0,0,0,0,0,0,0,0,0,0,0,0,0,0,0,0,0,0,0,0,169,228,0,0,0,0,0,0,0,0,0,0,0,0,0,0,0,0,0,0,0,0,0,0,0,0,0,1,171,228,0,0,0,0,0,0,0,0,0,0,0,0,0,0,0,0,0,0,0,0,0,0,0,0,0,39,253,228,0,0,0,0,0,0,0,0,0,0,0,0,0,0,0,0,0,0,0,0,0,6,114,74,12,115,253,223,0,0,0,0,0,0,0,0,0,0,0,0,0,0,0,0,0,0,0,0,12,178,253,253,234,208,253,63,0,0,0,0,0,0,0,0,0,0,0,0,0,0,0,0,0,0,0,0,40,253,253,253,254,253,198,7,0,0,0,0,0,0,0,0,0,0,0,0,0,0,0,0,0,0,0,0,40,253,253,253,253,253,253,170,0,0,0,0,0,0,0,0,0,0,0,0,0,0,0,0,0,0,0,0,35,245,253,253,240,240,253,242,54,0,0,0,0,0,0,0,0,0,0,0,0,0,0,0,0,0,0,0,0,87,252,252,76,39,155,254,233,90,0,0,0,0,0,0,0,0,0,0,0,0,0,0,0,0,0,0,0,0,68,29,0,0,31,219,253,120,0,0,0,0,0,0,0,0,0,0,0,0,0,0,0,0,0,0,0,0,0,0,0,0,0,76,224,80,0,0,0,0,0,0,0,0,0,0,0,0,0,0,0,0,0,0,0,0,0,0,0,0,0,0,0,0,0,0,0,0,0,0,0,0,0,0,0,0,0,0,0,0,0,0,0,0,0,0,0,0,0,0,0,0,0,0,0,0,0,0,0,0,0,0,0,0,0,0,0,0,0,0,0,0,0,0,0,0,0,0,0,0,0,0,0,0,0,0,0
5,0,0,0,0,0,0,0,0,0,0,0,0,0,0,0,0,0,0,0,0,0,0,0,0,0,0,0,0,0,0,0,0,0,0,0,0,0,0,0,0,0,0,0,0,0,0,0,0,0,0,0,0,0,0,0,0,0,0,0,0,0,0,0,0,0,0,0,0,0,0,0,0,0,0,0,0,0,0,0,0,0,0,0,0,0,0,0,0,0,0,0,0,0,0,0,0,0,0,0,0,0,0,0,0,0,0,0,0,0,0,0,0,0,0,0,0,0,0,0,0,0,0,0,0,0,0,0,0,0,0,0,0,0,0,0,0,0,0,0,0,0,0,0,0,0,43,123,48,29,87,149,148,96,87,131,167,219,12,0,0,0,0,0,0,0,0,0,0,0,0,0,0,0,254,253,248,233,253,254,253,253,253,253,254,253,101,0,0,0,0,0,0,0,0,0,0,0,0,0,0,0,254,253,253,248,232,233,197,127,127,127,233,232,116,0,0,0,0,0,0,0,0,0,0,0,0,0,0,0,254,253,125,63,0,0,0,0,0,0,0,0,0,0,0,0,0,0,0,0,0,0,0,0,0,0,0,0,254,253,127,0,0,0,0,0,0,0,0,0,0,0,0,0,0,0,0,0,0,0,0,0,0,0,0,0,88,254,189,0,0,0,0,0,0,0,0,18,18,0,0,0,0,0,0,0,0,0,0,0,0,0,0,0,29,232,239,29,0,0,0,79,64,116,147,217,208,156,103,0,0,0,0,0,0,0,0,0,0,0,0,0,0,130,252,93,0,128,163,252,248,250,254,253,253,253,253,234,119,2,0,0,0,0,0,0,0,0,0,0,0,0,233,232,169,254,253,253,253,200,190,111,84,84,172,255,253,124,22,0,0,0,0,0,0,0,0,0,0,0,144,253,253,254,253,200,77,7,0,0,0,0,0,42,201,253,172,0,0,0,0,0,0,0,0,0,0,0,128,254,254,195,71,0,0,0,0,0,0,0,0,0,36,225,201,7,0,0,0,0,0,0,0,0,0,0,85,168,81,0,0,0,0,0,0,0,0,0,0,0,0,128,253,42,0,0,0,0,0,0,0,0,0,0,0,0,0,0,0,0,0,0,0,0,0,0,0,0,0,128,253,148,0,0,0,0,0,0,0,0,0,0,0,0,0,54,0,0,0,0,0,0,0,0,0,0,0,128,253,182,0,0,0,0,0,0,0,0,0,0,0,0,0,248,53,0,0,0,0,0,0,0,0,0,0,128,253,147,0,0,0,0,0,0,0,0,0,0,0,0,0,238,219,148,78,7,0,0,0,0,0,0,0,145,254,87,0,0,0,0,0,0,0,0,0,0,0,0,0,37,206,253,253,201,147,112,7,0,36,86,165,248,205,11,0,0,0,0,0,0,0,0,0,0,0,0,0,0,96,179,246,253,254,253,235,233,242,254,253,253,181,0,0,0,0,0,0,0,0,0,0,0,0,0,0,0,0,0,83,190,254,253,253,253,253,254,253,141,28,0,0,0,0,0,0,0,0,0,0,0,0,0,0,0,0,0,0,0,130,122,147,218,253,192,68,4,0,0,0,0,0,0,0,0,0,0,0,0,0,0,0,0,0,0,0,0,0,0,0,0,0,0,0,0,0,0,0,0,0,0,0,0,0,0,0,0,0,0,0,0,0,0,0,0,0,0,0,0,0,0,0,0,0,0,0,0,0,0,0,0,0,0,0,0,0,0,0,0,0,0,0,0,0,0,0,0,0,0,0,0,0,0,0,0,0
7,0,0,0,0,0,0,0,0,0,0,0,0,0,0,0,0,0,0,0,0,0,0,0,0,0,0,0,0,0,0,0,0,0,0,0,0,0,0,0,0,0,0,0,0,0,0,0,0,0,0,0,0,0,0,0,0,0,0,0,0,0,0,0,0,0,0,0,0,0,0,0,0,0,0,0,0,0,0,0,0,0,0,0,0,0,0,0,0,0,0,0,0,0,0,0,0,0,0,0,0,0,0,0,0,0,0,0,0,0,0,0,0,0,0,0,0,0,0,0,0,0,0,0,0,0,0,0,0,0,0,0,0,0,0,0,0,0,0,0,0,0,0,0,0,0,0,0,0,0,0,0,0,0,0,0,0,0,0,0,0,0,0,0,0,0,0,0,0,0,0,0,0,0,0,0,0,0,0,0,0,0,0,0,0,0,0,0,108,238,0,0,0,0,0,0,0,0,0,0,0,0,0,0,0,0,0,0,0,0,0,0,0,0,0,53,254,237,0,0,0,0,0,0,0,0,0,0,0,0,0,0,0,0,0,0,0,16,10,0,0,0,45,231,254,128,0,0,0,0,0,0,0,0,0,0,0,0,0,0,0,0,0,0,35,205,214,142,0,69,231,254,210,4,0,0,0,0,0,0,0,0,0,0,0,0,0,0,0,0,0,0,189,254,254,252,209,251,254,239,30,0,0,0,0,0,0,0,0,0,0,0,0,0,0,0,0,0,0,56,252,242,106,194,203,254,254,158,0,0,0,0,0,0,0,0,0,0,0,0,0,0,0,0,0,0,0,110,254,183,0,0,40,254,248,44,0,0,0,0,0,0,0,0,0,0,0,0,0,0,0,0,0,0,36,235,243,64,0,0,40,254,206,0,0,0,0,0,0,0,0,0,0,0,0,0,0,0,0,0,0,0,128,254,182,0,0,0,56,248,83,0,0,0,0,0,0,0,0,0,0,0,0,0,0,0,0,0,0,60,252,244,64,0,0,8,177,205,0,0,0,0,0,0,0,0,0,0,0,0,0,0,0,0,0,0,0,12,145,106,0,0,0,44,254,91,0,0,0,0,0,0,0,0,0,0,0,0,0,0,0,0,0,0,0,0,0,0,0,0,23,173,223,9,0,0,0,0,0,0,0,0,0,0,0,0,0,0,0,0,0,0,0,0,0,0,0,0,88,254,176,0,0,0,0,0,0,0,0,0,0,0,0,0,0,0,0,0,0,0,0,0,0,0,0,6,205,250,58,0,0,0,0,0,0,0,0,0,0,0,0,0,0,0,0,0,0,0,0,0,0,0,0,53,254,211,0,0,0,0,0,0,0,0,0,0,0,0,0,0,0,0,0,0,0,0,0,0,0,0,0,53,254,146,0,0,0,0,0,0,0,0,0,0,0,0,0,0,0,0,0,0,0,0,0,0,0,0,0,149,252,60,0,0,0,0,0,0,0,0,0,0,0,0,0,0,0,0,0,0,0,0,0,0,0,0,41,246,207,0,0,0,0,0,0,0,0,0,0,0,0,0,0,0,0,0,0,0,0,0,0,0,0,0,57,255,176,0,0,0,0,0,0,0,0,0,0,0,0,0,0,0,0,0,0,0,0,0,0,0,0,0,57,254,92,0,0,0,0,0,0,0,0,0,0,0,0,0,0,0,0,0,0,0,0,0,0,0,0,0,0,0,0,0,0,0,0,0,0,0,0,0,0,0,0,0,0,0,0,0,0,0,0,0,0,0,0,0,0,0,0,0,0,0,0,0,0,0,0,0,0,0,0,0,0
1,0,0,0,0,0,0,0,0,0,0,0,0,0,0,0,0,0,0,0,0,0,0,0,0,0,0,0,0,0,0,0,0,0,0,0,0,0,0,0,0,0,0,0,0,0,0,0,0,0,0,0,0,0,0,0,0,0,0,0,0,0,0,0,0,0,0,0,0,0,0,0,0,0,0,0,0,0,0,0,0,0,0,0,0,0,0,0,0,0,0,0,0,0,0,0,0,0,0,0,0,0,0,0,0,0,0,0,0,0,0,0,0,0,0,0,0,0,0,0,0,0,0,0,0,0,0,0,0,0,0,0,0,0,0,0,0,0,0,0,0,0,0,0,0,0,0,0,0,0,0,0,0,0,12,244,66,0,0,0,0,0,0,0,0,0,0,0,0,0,0,0,0,0,0,0,0,0,0,0,0,0,6,206,190,0,0,0,0,0,0,0,0,0,0,0,0,0,0,0,0,0,0,0,0,0,0,0,0,0,0,68,210,4,0,0,0,0,0,0,0,0,0,0,0,0,0,0,0,0,0,0,0,0,0,0,0,0,0,39,254,11,0,0,0,0,0,0,0,0,0,0,0,0,0,0,0,0,0,0,0,0,0,0,0,0,0,39,254,11,0,0,0,0,0,0,0,0,0,0,0,0,0,0,0,0,0,0,0,0,0,0,0,0,0,39,254,11,0,0,0,0,0,0,0,0,0,0,0,0,0,0,0,0,0,0,0,0,0,0,0,0,0,39,254,11,0,0,0,0,0,0,0,0,0,0,0,0,0,0,0,0,0,0,0,0,0,0,0,0,0,39,254,11,0,0,0,0,0,0,0,0,0,0,0,0,0,0,0,0,0,0,0,0,0,0,0,0,0,111,193,1,0,0,0,0,0,0,0,0,0,0,0,0,0,0,0,0,0,0,0,0,0,0,0,0,0,115,190,0,0,0,0,0,0,0,0,0,0,0,0,0,0,0,0,0,0,0,0,0,0,0,0,0,0,156,190,0,0,0,0,0,0,0,0,0,0,0,0,0,0,0,0,0,0,0,0,0,0,0,0,0,1,194,139,0,0,0,0,0,0,0,0,0,0,0,0,0,0,0,0,0,0,0,0,0,0,0,0,0,12,254,114,0,0,0,0,0,0,0,0,0,0,0,0,0,0,0,0,0,0,0,0,0,0,0,0,0,12,254,48,0,0,0,0,0,0,0,0,0,0,0,0,0,0,0,0,0,0,0,0,0,0,0,0,0,12,240,24,0,0,0,0,0,0,0,0,0,0,0,0,0,0,0,0,0,0,0,0,0,0,0,0,0,12,216,0,0,0,0,0,0,0,0,0,0,0,0,0,0,0,0,0,0,0,0,0,0,0,0,0,0,12,216,0,0,0,0,0,0,0,0,0,0,0,0,0,0,0,0,0,0,0,0,0,0,0,0,0,0,12,216,0,0,0,0,0,0,0,0,0,0,0,0,0,0,0,0,0,0,0,0,0,0,0,0,0,0,58,216,0,0,0,0,0,0,0,0,0,0,0,0,0,0,0,0,0,0,0,0,0,0,0,0,0,0,12,171,0,0,0,0,0,0,0,0,0,0,0,0,0,0,0,0,0,0,0,0,0,0,0,0,0,0,0,0,0,0,0,0,0,0,0,0,0,0,0,0,0,0,0,0,0,0,0,0,0,0,0,0,0,0,0,0,0,0,0,0,0,0,0,0,0,0,0,0,0,0,0,0,0,0,0,0,0,0,0,0,0,0,0,0,0,0,0,0,0,0,0,0,0,0,0,0,0
3,0,0,0,0,0,0,0,0,0,0,0,0,0,0,0,0,0,0,0,0,0,0,0,0,0,0,0,0,0,0,0,0,0,0,0,0,0,0,0,0,0,0,0,0,0,0,0,0,0,0,0,0,0,0,0,0,0,0,0,0,0,0,0,0,0,0,0,0,0,0,0,0,0,0,0,0,0,0,0,0,0,0,0,0,0,0,0,0,0,0,0,0,0,0,0,0,0,0,0,0,0,0,0,0,0,0,0,0,0,0,0,0,0,0,0,0,0,0,0,0,0,0,0,0,0,0,0,0,0,0,0,0,0,0,0,0,0,0,0,0,0,0,0,0,0,0,0,16,101,246,254,255,254,254,254,254,151,55,0,0,0,0,0,0,0,0,0,0,0,0,0,0,0,0,46,172,253,253,253,253,253,253,253,253,253,229,58,0,0,0,0,0,0,0,0,0,0,0,0,0,0,86,250,253,253,253,253,253,253,253,253,253,253,253,227,53,0,0,0,0,0,0,0,0,0,0,0,0,17,185,253,253,253,253,253,253,253,253,253,253,253,253,253,241,0,0,0,0,0,0,0,0,0,0,0,0,47,253,253,253,253,216,102,61,61,61,61,196,240,253,253,246,23,0,0,0,0,0,0,0,0,0,0,0,21,115,165,147,115,7,0,0,0,0,0,0,169,253,253,253,145,0,0,0,0,0,0,0,0,0,0,0,0,0,6,4,0,0,0,0,26,100,239,197,197,253,253,253,145,0,0,0,0,0,0,0,0,0,0,0,0,0,0,0,0,0,0,0,190,253,253,253,253,253,253,252,128,0,0,0,0,0,0,0,0,0,0,0,0,0,0,0,0,0,0,69,243,253,253,253,253,253,253,245,0,0,0,0,0,0,0,0,0,0,0,0,0,0,0,0,0,0,0,131,253,253,253,253,253,253,253,245,0,0,0,0,0,0,0,0,0,0,0,0,0,0,0,0,0,0,0,40,224,253,253,253,253,253,253,245,0,0,0,0,0,0,0,0,0,0,0,0,0,0,0,0,0,0,0,0,40,141,253,253,253,253,253,245,0,0,0,0,0,0,0,0,0,0,0,0,0,0,0,0,0,0,0,0,0,3,105,183,230,253,253,245,0,0,0,0,0,0,0,0,0,0,0,0,0,0,0,0,9,68,57,16,110,15,0,0,160,253,253,250,98,0,0,0,0,0,0,0,0,0,0,0,0,0,0,18,191,253,253,253,253,240,116,116,125,253,253,253,145,0,0,0,0,0,0,0,0,0,0,0,0,0,0,170,253,253,253,253,253,253,253,253,253,253,253,253,145,0,0,0,0,0,0,0,0,0,0,0,0,0,0,193,253,253,253,253,253,253,253,253,253,253,253,253,140,0,0,0,0,0,0,0,0,0,0,0,0,0,0,111,204,253,253,253,253,253,253,253,253,253,253,245,0,0,0,0,0,0,0,0,0,0,0,0,0,0,0,0,25,45,64,199,232,237,253,253,253,253,240,193,0,0,0,0,0,0,0,0,0,0,0,0,0,0,0,0,0,0,0,0,61,70,174,253,253,253,98,0,0,0,0,0,0,0,0,0,0,0,0,0,0,0,0,0,0,0,0,0,0,0,0,0,0,0,0,0,0,0,0,0,0,0,0,0,0,0,0,0,0,0,0,0,0,0,0,0,0,0,0,0,0,0,0,0,0,0,0,0,0,0,0,0,0,0,0,0,0,0,0,0,0,0,0,0,0,0,0,0,0,0,0,0,0,0,0,0,0,0,0,0
